BEGIN TRANSACTION;
CREATE TABLE fabricante (
    id integer NOT NULL,
    nome text
);
INSERT INTO "fabricante" VALUES(1,'LDPE');
INSERT INTO "fabricante" VALUES(2,'CREATIVE');
INSERT INTO "fabricante" VALUES(3,'PANDA');
INSERT INTO "fabricante" VALUES(4,'BK-DVD');
INSERT INTO "fabricante" VALUES(5,'LG');
INSERT INTO "fabricante" VALUES(6,'ROADSTAR');
INSERT INTO "fabricante" VALUES(7,'APPLE');
INSERT INTO "fabricante" VALUES(8,'PREMIUM');
INSERT INTO "fabricante" VALUES(9,'HOMETITER');
INSERT INTO "fabricante" VALUES(10,'BAK');
INSERT INTO "fabricante" VALUES(11,'SAMSUNG');
INSERT INTO "fabricante" VALUES(12,'ENCORE');
INSERT INTO "fabricante" VALUES(13,'DANE-ELEC');
INSERT INTO "fabricante" VALUES(14,'SONY');
INSERT INTO "fabricante" VALUES(15,'PQI');
INSERT INTO "fabricante" VALUES(16,'RIDATA');
INSERT INTO "fabricante" VALUES(17,'SANDISK');
INSERT INTO "fabricante" VALUES(18,'BENQ');
INSERT INTO "fabricante" VALUES(19,'GENIUS');
INSERT INTO "fabricante" VALUES(20,'OLYMPUS');
INSERT INTO "fabricante" VALUES(21,'D-LINK');
INSERT INTO "fabricante" VALUES(22,'DR.HANK');
INSERT INTO "fabricante" VALUES(23,'INOVIA');
INSERT INTO "fabricante" VALUES(24,'JEWAY');
INSERT INTO "fabricante" VALUES(25,'NATIVA');
INSERT INTO "fabricante" VALUES(26,'PIXXO');
INSERT INTO "fabricante" VALUES(27,'SATELLITE');
INSERT INTO "fabricante" VALUES(28,'EPSON');
INSERT INTO "fabricante" VALUES(29,'HP');
INSERT INTO "fabricante" VALUES(30,'DYNAPOS');
INSERT INTO "fabricante" VALUES(31,'KAIOMY');
INSERT INTO "fabricante" VALUES(32,'BEMATECH');
INSERT INTO "fabricante" VALUES(33,'METROLOGIC');
INSERT INTO "fabricante" VALUES(34,'VOYAGER');
INSERT INTO "fabricante" VALUES(35,'GEOVISION');
INSERT INTO "fabricante" VALUES(36,'MAXELL');
INSERT INTO "fabricante" VALUES(37,'PHILIPS');
INSERT INTO "fabricante" VALUES(38,'HEINEKEN');
INSERT INTO "fabricante" VALUES(39,'AMD');
INSERT INTO "fabricante" VALUES(40,'INTEL');
INSERT INTO "fabricante" VALUES(41,'AOC');
INSERT INTO "fabricante" VALUES(42,'IMAC');
INSERT INTO "fabricante" VALUES(43,'COBY');
INSERT INTO "fabricante" VALUES(44,'MAXPOWER');
INSERT INTO "fabricante" VALUES(45,'MICROFINS');
INSERT INTO "fabricante" VALUES(46,'PANASONIC');
INSERT INTO "fabricante" VALUES(47,'SHARK');
INSERT INTO "fabricante" VALUES(48,'LOGITECH');
INSERT INTO "fabricante" VALUES(49,'ASVOTEC');
INSERT INTO "fabricante" VALUES(50,'CORSAIR');
INSERT INTO "fabricante" VALUES(51,'MTEK');
INSERT INTO "fabricante" VALUES(52,'CRYPTONIX');
INSERT INTO "fabricante" VALUES(53,'NAVIGATION');
INSERT INTO "fabricante" VALUES(54,'LACIE');
INSERT INTO "fabricante" VALUES(55,'VERBATIM');
INSERT INTO "fabricante" VALUES(56,'TRANSCEND');
INSERT INTO "fabricante" VALUES(57,'MAXTOR');
INSERT INTO "fabricante" VALUES(58,'SEAGATE');
INSERT INTO "fabricante" VALUES(59,'X-TECH');
INSERT INTO "fabricante" VALUES(60,'TARGUS');
INSERT INTO "fabricante" VALUES(61,'ASUS');
INSERT INTO "fabricante" VALUES(62,'ACER');
INSERT INTO "fabricante" VALUES(63,'MARKVISION');
INSERT INTO "fabricante" VALUES(64,'SATEL.');
INSERT INTO "fabricante" VALUES(65,'MICROSOFT');
INSERT INTO "fabricante" VALUES(66,'EXACTUS');
INSERT INTO "fabricante" VALUES(67,'MOX');
INSERT INTO "fabricante" VALUES(68,'NAPOLI');
INSERT INTO "fabricante" VALUES(69,'FUJI');
INSERT INTO "fabricante" VALUES(70,'QUANTA');
INSERT INTO "fabricante" VALUES(71,'POWERPACK');
INSERT INTO "fabricante" VALUES(72,'COOLMASTER');
INSERT INTO "fabricante" VALUES(73,'EEBAG');
INSERT INTO "fabricante" VALUES(74,'OMEGA');
INSERT INTO "fabricante" VALUES(75,'SWISS');
INSERT INTO "fabricante" VALUES(76,'TOSHIBA');
INSERT INTO "fabricante" VALUES(77,'FORZA');
INSERT INTO "fabricante" VALUES(78,'WELI');
INSERT INTO "fabricante" VALUES(79,'PALM');
INSERT INTO "fabricante" VALUES(80,'PIXELVIEW');
INSERT INTO "fabricante" VALUES(81,'PROLINK');
INSERT INTO "fabricante" VALUES(82,'ASVOTEK');
INSERT INTO "fabricante" VALUES(83,'SATELITE');
INSERT INTO "fabricante" VALUES(84,'PIONEER');
INSERT INTO "fabricante" VALUES(85,'TOMTOM');
INSERT INTO "fabricante" VALUES(86,'MIDI');
INSERT INTO "fabricante" VALUES(87,'TP-LINK');
INSERT INTO "fabricante" VALUES(88,'LEXMARK');
INSERT INTO "fabricante" VALUES(89,'ZEBRA');
INSERT INTO "fabricante" VALUES(90,'IHOME');
INSERT INTO "fabricante" VALUES(91,'INFINITER');
INSERT INTO "fabricante" VALUES(92,'ASROCK');
INSERT INTO "fabricante" VALUES(93,'PCCHIPS');
INSERT INTO "fabricante" VALUES(94,'PCS');
INSERT INTO "fabricante" VALUES(95,'DANE ELEC');
INSERT INTO "fabricante" VALUES(96,'KINGSTON');
INSERT INTO "fabricante" VALUES(97,'LOOPCOMN');
INSERT INTO "fabricante" VALUES(98,'FALCON');
INSERT INTO "fabricante" VALUES(99,'ECOPOWER');
INSERT INTO "fabricante" VALUES(100,'MEGASTON');
INSERT INTO "fabricante" VALUES(101,'COOLERMASTER');
INSERT INTO "fabricante" VALUES(102,'GENERICO');
CREATE TABLE produto (
    id integer,
    descricao text,
    preco_custo numeric(14,2),
    estoque integer,
    unidade character(2),
    preco_venda numeric(14,2),
    id_fabricante integer
);
INSERT INTO "produto" VALUES(66321,'NB TO A505-S6004 CI3 2.13/4/500/RW/CAM/16"',880,15,'PC',1144,102);
INSERT INTO "produto" VALUES(69874,'NB TO A505D-S6987 TURII U 2.4/4/500/RW/C/16"',915,12,'PC',1189.5,102);
INSERT INTO "produto" VALUES(15107,'NB TO L450-EZ1510 C2D 2.0/2/250/RW/15.6"',670,9,'PC',871,102);
INSERT INTO "produto" VALUES(50181,'NB TO L505-ES5018  DC 2.2/3/320/RW/CAM/15" W7',690,12,'PC',897,102);
INSERT INTO "produto" VALUES(58799,'PL CONTROLADORA IDE CONTROLLER 799',120,18,'PC',156,102);
INSERT INTO "produto" VALUES(66951,'PL CONTROLADORA IDE LSK DVD-699 ',112,13,'PC',145.6,102);
INSERT INTO "produto" VALUES(68812,'PL CONTROLADORA IDE W YTRON DVD-688',132,4,'PC',171.6,102);
INSERT INTO "produto" VALUES(10636,'PL CONTROLADORA SATA D10S ',114,6,'PC',148.2,102);
INSERT INTO "produto" VALUES(1205,'PL ISA SUPER IDE ISA (AT)',11,19,'PC',14.3,102);
INSERT INTO "produto" VALUES(291,'PL PCI 2 SERIAIS 9P E 1 PARALELA',10.5,7,'PC',13.65,102);
INSERT INTO "produto" VALUES(16307,'PL PCI 3+1 FIREWIRE SKYMEDIA VT6307',10,0,'PC',13,102);
INSERT INTO "produto" VALUES(11004,'PL PCI CIRCUITO FECHADO PV-VG1000 PIXEL VIEW',87,5,'PC',113.1,102);
INSERT INTO "produto" VALUES(426,'PL PCI COM 4+1 CONECTORES USB 2.0',5,6,'PC',6.5,102);
INSERT INTO "produto" VALUES(39160,'PL PCI SCSI ADAPTEC 39160 OEM C/CABO',49,11,'PC',63.7,102);
INSERT INTO "produto" VALUES(34723,'PL PINNAC. CONTROLE REMOTO',5,7,'PC',6.5,102);
INSERT INTO "produto" VALUES(5994,'PLAY  W. GAME ADAPTER WGA54G PLAY2/XBOX',48,7,'PC',62.4,102);
INSERT INTO "produto" VALUES(69332,'PLAY GAMEPOD PORTATIL 1GB ',47,19,'PC',61.1,102);
INSERT INTO "produto" VALUES(1350,'CAM. F/W CREATIVE PC-CAM 350 GO USB',17,15,'PC',22.1,2);
INSERT INTO "produto" VALUES(42698,'ANTIVIRUS PANDA GLOBAL PROTECTION 2010 (G)',83,6,'PC',107.9,3);
INSERT INTO "produto" VALUES(42410,'ANTIVIRUS PANDA INTERNET SECURITY 2009 (G)',76,5,'PC',98.8,3);
INSERT INTO "produto" VALUES(1339,'ANTIVIRUS PANDA INTERNET SECURITY 2010 (G)',76,7,'PC',98.8,3);
INSERT INTO "produto" VALUES(78829,'AP.BAK DVD BK-DVD-7882BT 7" BT/TOUCH/TV NEGRO',175,12,'PC',227.5,4);
INSERT INTO "produto" VALUES(65216,'AP.LG-AUTO F. LAS-6521(6.5") 160W',20,8,'PC',26,5);
INSERT INTO "produto" VALUES(1417,'AP.ROADSTAR-DVD RS-1055RDV 10" P/TETO',210,12,'PC',273,6);
INSERT INTO "produto" VALUES(50564,'AP.SATELLITE-TOCA CD DVD-TV AD500 USB/BLU TS',190,1,'PC',247,27);
INSERT INTO "produto" VALUES(50018,'AP.SATELLITE-TOCA CD DVD-TV AD500 USB/BLU/GPS TS',255,2,'PC',331.5,27);
INSERT INTO "produto" VALUES(26539,'APPLE IPHONE 16GB 3G DESB. NEGRO',750,17,'PC',975,7);
INSERT INTO "produto" VALUES(17345,'APPLE IPHONE 16GB 3GS DESB.VS.3.1.2 BLANCO (B)',840,14,'PC',1092,7);
INSERT INTO "produto" VALUES(54215,'CAM. FOTO OLYMPUS T-100 AZUL S/G',95,10,'PC',123.5,20);
INSERT INTO "produto" VALUES(50110,'NOBREAK FORZA  500W AT-500 110V  ',54,6,'PC',70.2,77);
INSERT INTO "produto" VALUES(13500,'NOBREAK FORZA  500W AT-500U 220V  ',52,12,'PC',67.6,77);
INSERT INTO "produto" VALUES(16501,'NOBREAK FORZA  650W FX-650LCD-U 220V 6 SAL+1USB',76,2,'PC',98.8,77);
INSERT INTO "produto" VALUES(975,'NOBREAK FORZA  750W SL-751 110V ',85,0,'PC',110.5,77);
INSERT INTO "produto" VALUES(15840,'NOBREAK FORZA  840W UPS FX1500LCD 110V  ',185,4,'PC',240.5,77);
INSERT INTO "produto" VALUES(90111,'NOBREAK FORZA  900V FX-900LCD 110V ',101,2,'PC',131.3,77);
INSERT INTO "produto" VALUES(1857,'PALMTOP PALM TX HANDHELD 128MB AZUL OSCURO',268,8,'PC',348.4,79);
INSERT INTO "produto" VALUES(38361,'PAPEL HP PREMIUM INKJET C3836A 50 FOLHA (B)',13,6,'PC',16.9,8);
INSERT INTO "produto" VALUES(38372,'PAPEL HP PREMIUM INKJET C3837A 50 FOLHA (B)',13,6,'PC',16.9,8);
INSERT INTO "produto" VALUES(24715,'PCMCIA PIXELVIEW PLAY TV XPRESSPV-A715EC(FRTV)',31,13,'PC',40.3,80);
INSERT INTO "produto" VALUES(9432,'PCMCIA PROLINK PLAY TV FM MOBILE',25,12,'PC',32.5,81);
INSERT INTO "produto" VALUES(9793,'PL EXT TV GENIUS CAPTURA TVB-S201 PRO',56.5,12,'PC',73.45,19);
INSERT INTO "produto" VALUES(66703,'PL EXT TV PROLINK PLAYTV BOX6 BLANCO',44,11,'PC',57.2,81);
INSERT INTO "produto" VALUES(6718,'PL EXT TV/FM KAIOMY USB TVNPC U2',33,6,'PC',42.9,31);
INSERT INTO "produto" VALUES(70131,'PL EXT USB BEST MULTMIDIA BT-701P SD/MMC SATEL.',36,9,'PC',46.8,64);
INSERT INTO "produto" VALUES(459,'PL EXT USB PC/TV PROLINK GAME SHOW CONVERS',56,17,'PC',72.8,81);
INSERT INTO "produto" VALUES(30809,'PL EXT USB TV PIXELVIEW PLAYTV PV-B308U(FRTN)-F',55,18,'PC',71.5,80);
INSERT INTO "produto" VALUES(47124,'PL EXT USB TV PIXELVIEW PLAYTV PV-D231U(RN) SBTVD',44,12,'PC',57.2,80);
INSERT INTO "produto" VALUES(85062,'PL EXT USB TV PIXELVIEW XCAPTURE PV-CX850U-F',29,18,'PC',37.7,80);
INSERT INTO "produto" VALUES(9517,'PL EXT USB TV PROLINK BOX4 COMBO+CONTROLE',76,3,'PC',98.8,81);
INSERT INTO "produto" VALUES(66001,'PL EXT USB TV ULTRA PROLINK PV-A6600U1',36,14,'PC',46.8,81);
INSERT INTO "produto" VALUES(885,'PL PCI EXP. 1X PLAY TV PROLINK ULTIMATE PV-A885SEL',36,15,'PC',46.8,81);
INSERT INTO "produto" VALUES(4039,'PL PCI EXP. TV-OUT ADD2 PROLINK 16BT',16,8,'PC',20.8,81);
INSERT INTO "produto" VALUES(3361,'PL PCI EXP. TV-OUT ADD2 PROLINK 1BTX',17,15,'PC',22.1,81);
INSERT INTO "produto" VALUES(9594,'PL PCI TV/FM ENCORE TUNER C/CONTROLE',21,0,'PC',27.3,12);
INSERT INTO "produto" VALUES(71312,'PL PCI TV/FM ASUS MYC-P7131 P/FM/AV/REC CONTROLE ',41,13,'PC',53.3,61);
INSERT INTO "produto" VALUES(4964,'PL PCI TV/FM KAIOMY C/CONTRE TVNPC P6',18,10,'PC',23.4,31);
INSERT INTO "produto" VALUES(1091,'PL PCI TV/FM PROLINK 8000GT C/CONTROL',26,0,'PC',33.8,81);
INSERT INTO "produto" VALUES(5049,'PL PCI TV/FM PROLINK PLAYTV CINEMA PRO C/CON',57,13,'PC',74.1,81);
INSERT INTO "produto" VALUES(1918,'PL PCI TV/FM PROLINK PLAYTV XTREME C/CONTROL',33,2,'PC',42.9,81);
INSERT INTO "produto" VALUES(65693,'PL PCI TV/FM-3 ENCORE ENLTV-FM3 C/CONTROLE',21,18,'PC',27.3,12);
INSERT INTO "produto" VALUES(85970,'PLAY CONSOLE GAME HOMETITER BS-9700 ALL-IN-ONE',35,5,'PC',45.5,9);
INSERT INTO "produto" VALUES(55110,'CABO VGA PARA MONITOR / PROJETOR 10Mtrs',24,9,'PC',31.2,102);
INSERT INTO "produto" VALUES(11201,'CAM.  LEITOR USB ALL IN 1 CARD (B)',2,0,'PC',2.6,102);
INSERT INTO "produto" VALUES(7928,'CAM.  LEITOR USB MEMORIA MINI HI-SPEED',6,8,'PC',7.8,102);
INSERT INTO "produto" VALUES(37424,'CAM.  LEITOR USB MICRO SD NEXCEL (B)',4,7,'PC',5.2,102);
INSERT INTO "produto" VALUES(29012,'CCTV VIDEO PORTEIRO LCD COLOR OR-VDP002 ',100,10,'PC',130,102);
INSERT INTO "produto" VALUES(12303,'CCTV VIDEO PORTEIRO LCD PB OR-VDP003 ',60,3,'PC',78,102);
INSERT INTO "produto" VALUES(12047,'CD-  DVD-R H.W LOGO 4.7GB TUBO 100 (G)',29,14,'PC',37.7,102);
INSERT INTO "produto" VALUES(11380,'CONVERSOR DP X DVI GDP380',29,12,'PC',37.7,102);
INSERT INTO "produto" VALUES(36011,'CONVERSOR DP X HDMI GDP360',29,3,'PC',37.7,102);
INSERT INTO "produto" VALUES(100,'DRIVE * BLANCO * 1.44 3.5" OEM',4.5,2,'PC',5.85,102);
INSERT INTO "produto" VALUES(1117,'FAN P/GAB LIGADO NA FONTE OU NA MB',2.5,2,'PC',3.25,102);
INSERT INTO "produto" VALUES(586,'FAN PGA K6 586 233MMX LIGADO NA FONTE (G)',1.4,2,'PC',1.82,102);
INSERT INTO "produto" VALUES(20082,'FILMADORA  CARD OR-008 2GB MP3 USB',67,10,'PC',87.1,102);
INSERT INTO "produto" VALUES(12558,'FILMADORA  MALETA CL XNDC-58 NEGRO (G)',16,0,'PC',20.8,102);
INSERT INTO "produto" VALUES(15222,'FILMADORA  MALETA HNR 152 (G)',10.5,8,'PC',13.65,102);
INSERT INTO "produto" VALUES(31700,'FILMADORA  MALETA Z7N NEGRO (B)',110,16,'PC',143,102);
INSERT INTO "produto" VALUES(37402,'FONE EWTTO EO-EL740 NEGRO (G)',6,1,'PC',7.8,102);
INSERT INTO "produto" VALUES(20237,'FONE EWTTO ET-A23 NEGRO (G)',7,4,'PC',9.1,102);
INSERT INTO "produto" VALUES(61886,'FONE EWTTO EW-FH886 NEGRO (G)',6,7,'PC',7.8,102);
INSERT INTO "produto" VALUES(32388,'FONE GOL-LINK GOL-IR2008 WIRELESS',33.5,3,'PC',43.55,102);
INSERT INTO "produto" VALUES(10375,'FONE IPOD P2 G2 IBUDS OR-103 BLANCO MP3/MP4',3.5,10,'PC',4.55,102);
INSERT INTO "produto" VALUES(28626,'FONE SONIA SN-Q6 NEGRO (G)',6,14,'PC',7.8,102);
INSERT INTO "produto" VALUES(16916,'FONE SOYLE SY-EX16 NEGRO (G)',5.5,8,'PC',7.15,102);
INSERT INTO "produto" VALUES(220,'FONTE  MOFAX USR EXT 220 VOLTS',11,18,'PC',14.3,102);
INSERT INTO "produto" VALUES(50103,'FONTE * P4 * BEST EXPRESS BP-501 20/24P',12,19,'PC',15.6,102);
INSERT INTO "produto" VALUES(65080,'FONTE * P4 * XFX 650W XXX EDITION XPS-650W-3XS',148,18,'PC',192.4,102);
INSERT INTO "produto" VALUES(92750,'FONTE * P4 * XFX 750W BLACK EDITION XPS-750W-BES',176,3,'PC',228.8,102);
INSERT INTO "produto" VALUES(18509,'FONTE * P4 * XFX 850W XPS-850W-BES',240,8,'PC',312,102);
INSERT INTO "produto" VALUES(33691,'FONTE UNIVERSAL WALK/CAM/MOBILE/MP3/GAMEBOY',74,2,'PC',96.2,102);
INSERT INTO "produto" VALUES(11200,'GATEWAY DUAL WAN SECURITY AIR LIVE RS-1200',234,3,'PC',304.2,102);
INSERT INTO "produto" VALUES(12588,'GATEWAY WIRED VPN SECURITY AIR LIVE RS-2000',266,12,'PC',345.8,102);
INSERT INTO "produto" VALUES(85962,'GAV.EXT.USB HD 3.5" SATA/IDE ALUMINIO',16,1,'PC',20.8,102);
INSERT INTO "produto" VALUES(4466,'GAV.EXT.USB HD NB 2.5" ALUMINI',8,9,'PC',10.4,102);
INSERT INTO "produto" VALUES(72591,'GAV.EXT.USB HD NB 2.5" SATA HITACHI ',12,9,'PC',15.6,102);
INSERT INTO "produto" VALUES(16257,'GAV.EXT.USB HD NB 2.5" SATA VAIO AZUL',10,13,'PC',13,102);
INSERT INTO "produto" VALUES(85292,'GAV.EXT.USB HD NB 2.5" SATA VAIO NEGRO',10,14,'PC',13,102);
INSERT INTO "produto" VALUES(5636,'GAV.EXT.USB HD NB 2.5" SATA VAIO PLATA',10,9,'PC',13,102);
INSERT INTO "produto" VALUES(29421,'HD EXT. USB-2TB FREECOM 29421 WIRELESS LAN',815,14,'PC',1059.5,102);
INSERT INTO "produto" VALUES(72202,'HD SATA2-2000G HITACHI 7200 32MB',170,6,'PC',221,102);
INSERT INTO "produto" VALUES(20114,'HUB  4P. USB 2.0 HI-SPEED SY-H002 (G)',7,7,'PC',9.1,102);
INSERT INTO "produto" VALUES(18940,'JOYSTICK S/F LOG.940-000018 WIRELESS CORD PRECISI',39,4,'PC',50.7,102);
INSERT INTO "produto" VALUES(94140,'JOYSTICK S/F LOG.941-000040 SPEED FORCE WIRELESS',57,2,'PC',74.1,102);
INSERT INTO "produto" VALUES(20403,'JOYSTICK S/F LOG.963320-0403 WIRELESS CORD ACTION',34,13,'PC',44.2,102);
INSERT INTO "produto" VALUES(94120,'JOYSTICK USB LOG.941-000020 VOLANTE FORCE GT',188,14,'PC',244.4,102);
INSERT INTO "produto" VALUES(27941,'JOYSTICK USB LOG.941-000045 VOLANTE G27',340,17,'PC',442,102);
INSERT INTO "produto" VALUES(9632,'JOYSTICK USB LOG.963292 DUAL ACTION',22,0,'PC',28.6,102);
INSERT INTO "produto" VALUES(96332,'JOYSTICK USB LOG.963325-0403 RUMBLEPAD2',31,19,'PC',40.3,102);
INSERT INTO "produto" VALUES(8843,'JOYSTICK USB LOG.963326 RUMBLEPAD',42,16,'PC',54.6,102);
INSERT INTO "produto" VALUES(4549,'JOYSTICK USB LOG.963352 FORCE 3D PRO',67,4,'PC',87.1,102);
INSERT INTO "produto" VALUES(91350,'LASER INFRA VERM. LOG.910-001350 R800',104,6,'PC',135.2,102);
INSERT INTO "produto" VALUES(91354,'LASER INFRA VERM. LOG.910-001354 R400',53,17,'PC',68.9,102);
INSERT INTO "produto" VALUES(24132,'LASER INFRA VERM. NPARTS PRESENTER 2.4G',37,15,'PC',48.1,102);
INSERT INTO "produto" VALUES(40382,'MALA CL LLC-1 NEGRO/VERDE (G)',29,7,'PC',37.7,102);
INSERT INTO "produto" VALUES(40383,'MALA CL LLC-1 ROJO/GRIS (G)',29,16,'PC',37.7,102);
INSERT INTO "produto" VALUES(40388,'MALA CL LLD-22 C/RODA NEGRO/GRIS (G)',56,14,'PC',72.8,102);
INSERT INTO "produto" VALUES(40390,'MALA CL LLD-22 C/RODA ROJO/GRIS (G)',56,2,'PC',72.8,102);
INSERT INTO "produto" VALUES(40395,'MALA CL LLR-18 C/RODA AZUL/GRIS (G)',63,1,'PC',81.9,102);
INSERT INTO "produto" VALUES(40389,'MALA CL LLR-18 C/RODA ROJO/GRIS (G)',56,17,'PC',72.8,102);
INSERT INTO "produto" VALUES(27411,'MALA CL LLTK-1 GRIS/ROJO (G)',18,15,'PC',23.4,102);
INSERT INTO "produto" VALUES(4,'MB  CONECTOR FAX MODEM CNR',1,15,'PC',1.3,102);
INSERT INTO "produto" VALUES(31477,'MB P4 775P 1333M ECS G31T-M7  S/V/R',49,17,'PC',63.7,102);
INSERT INTO "produto" VALUES(41415,'MB P4 775P 1333M ECS G41T-M S/V/R',49,2,'PC',63.7,102);
INSERT INTO "produto" VALUES(31721,'MB P4 775P 1600M MSI G31TM-P21 S/V/R',52.5,13,'PC',68.25,102);
INSERT INTO "produto" VALUES(13658,'MB P7 1366P 6.4GT/S XFX X58I-CH19 S/R',220,14,'PC',286,102);
INSERT INTO "produto" VALUES(3338,'MEM DDR  128MB 333MHZ PC2700',4.25,12,'PC',5.53,102);
INSERT INTO "produto" VALUES(80801,'MEM DDR2 1024MB 800MHZ PC6400 ORIGINAL',25.5,14,'PC',33.15,102);
INSERT INTO "produto" VALUES(80011,'MEM DDR2 2048MB 800MHZ ORIGINAL',53,0,'PC',68.9,102);
INSERT INTO "produto" VALUES(68032,'MEM EXT.  2GB CANETA+LASER NEGRO',21,7,'PC',27.3,102);
INSERT INTO "produto" VALUES(26790,'MEM EXT.  2GB CANETA+LASER PLATA',21,7,'PC',27.3,102);
INSERT INTO "produto" VALUES(80208,'MEM EXT.  8GB SWM 0208 FINGER PRINT (B)',38,16,'PC',49.4,102);
INSERT INTO "produto" VALUES(6977,'MEM NB DDR  128MB 333MHZ PC2700',9,6,'PC',11.7,102);
INSERT INTO "produto" VALUES(8695,'MEM NB DDR  256MB 333MHZ PC2700 INF',24,10,'PC',31.2,102);
INSERT INTO "produto" VALUES(6954,'MEM NB DDR2  256MB 533MHZ',6,17,'PC',7.8,102);
INSERT INTO "produto" VALUES(1687,'MEM NB DDR2  256MB 667MHZ ORIGINAL',6,3,'PC',7.8,102);
INSERT INTO "produto" VALUES(1358,'MEM NB DDR2  512MB 533MHZ',6,3,'PC',7.8,102);
INSERT INTO "produto" VALUES(1667,'MEM NB DDR2  512MB 533MHZ ORIGINAL',6,10,'PC',7.8,102);
INSERT INTO "produto" VALUES(1639,'MEM NB DDR2  512MB 667MHZ ORIGINAL',6,19,'PC',7.8,102);
INSERT INTO "produto" VALUES(81024,'MEM NB DDR2 1024MB 800MHZ ORIGINAL',20.5,18,'PC',26.65,102);
INSERT INTO "produto" VALUES(10834,'MEM NB DDR2 1024MB 800MHZ ORIGINAL (B)',13,17,'PC',16.9,102);
INSERT INTO "produto" VALUES(13024,'MEM NB DDR3 1024MB 1066MHZ SAMSUMG',21,3,'PC',27.3,102);
INSERT INTO "produto" VALUES(18908,'MIC. E FONE LOG.981-000009 NEGRO/PLATA ',24,3,'PC',31.2,102);
INSERT INTO "produto" VALUES(98118,'MIC. E FONE LOG.981-000018 CLEARCHAT STYLE',25,9,'PC',32.5,102);
INSERT INTO "produto" VALUES(4434,'MIC. E FONE ORANGE OR-320',3,11,'PC',3.9,102);
INSERT INTO "produto" VALUES(90632,'MIC. E FONE ORANGE OR-9063',5,18,'PC',6.5,102);
INSERT INTO "produto" VALUES(23899,'MK-MINI PCI CARD MICROTIK R52N',39,6,'PC',50.7,102);
INSERT INTO "produto" VALUES(33433,'MK-PLACA P/ ROUTER BOARD RB-433AH NIVEL 5',149,10,'PC',193.7,102);
INSERT INTO "produto" VALUES(11411,'MK-PLACA P/ ROUTER BOARD RB/411 NIVEL 3',56,10,'PC',72.8,102);
INSERT INTO "produto" VALUES(41145,'MK-PLACA P/ ROUTER BOARD RB/411AH NIVEL 4',95,16,'PC',123.5,102);
INSERT INTO "produto" VALUES(44334,'MK-PLACA P/ ROUTER BOARD RB/433 NIVEL 4',95,3,'PC',123.5,102);
INSERT INTO "produto" VALUES(45919,'MK-PLACA P/ ROUTER BOARD RB/450G',100,2,'PC',130,102);
INSERT INTO "produto" VALUES(60040,'MK-PLACA P/ ROUTER BOARD RB/600A',177,18,'PC',230.1,102);
INSERT INTO "produto" VALUES(80088,'MK-PLACA P/ ROUTER BOARD RB/800 NIVEL 6',355,6,'PC',461.5,102);
INSERT INTO "produto" VALUES(5507,'MOFAX 56K PCI AGERE/LUCENT S/VOICE BOX',5.5,11,'PC',7.15,102);
INSERT INTO "produto" VALUES(23158,'MOFAX ADSL AL-2011P 1P 110V BEIGE (B)',13,19,'PC',16.9,102);
INSERT INTO "produto" VALUES(2945,'MON LCD 17" MSI GABINETE BAREBONE CRISTAL 945',849,19,'PC',1103.7,102);
INSERT INTO "produto" VALUES(4151,'MOUSE PAD COM DESENHO (B)',2,0,'PC',2.6,102);
INSERT INTO "produto" VALUES(75121,'MOUSE PAD COM GEL CORES VARIADAS (B)',8.5,13,'PC',11.05,102);
INSERT INTO "produto" VALUES(10056,'MOUSE PAD NEMO  DSY-MP056 (G)',8,11,'PC',10.4,102);
INSERT INTO "produto" VALUES(73101,'MOUSE PAD PRINCESAS DISNEY (G)',8,19,'PC',10.4,102);
INSERT INTO "produto" VALUES(88661,'MOUSE PAD TECIDO COMFORT PAD AZUL',2,6,'PC',2.6,102);
INSERT INTO "produto" VALUES(4255,'MOUSE PS2 ALTON 3B 700DPI BLANCO BOX (G)',0.7,10,'PC',0.91,102);
INSERT INTO "produto" VALUES(31732,'MOUSE S/F LABTEC.931732-0403 ',34,19,'PC',44.2,102);
INSERT INTO "produto" VALUES(4662,'MOUSE S/F LOG.904346 TRACKMAN WHEEL',49,5,'PC',63.7,102);
INSERT INTO "produto" VALUES(91132,'MOUSE S/F LOG.910-000132 CORDLESS OPTICO',31,3,'PC',40.3,102);
INSERT INTO "produto" VALUES(91153,'MOUSE S/F LOG.910-000153 V220 ',34,2,'PC',44.2,102);
INSERT INTO "produto" VALUES(89100,'MOUSE S/F LOG.910-000323 LX8 LASER AZUL/NEGRO',42,15,'PC',54.6,102);
INSERT INTO "produto" VALUES(91620,'MOUSE S/F LOG.910-000620 V450 ROJO NANO',48,2,'PC',62.4,102);
INSERT INTO "produto" VALUES(92830,'MOUSE S/F LOG.910-000928 M305 NEGRO/PLATA',42,15,'PC',54.6,102);
INSERT INTO "produto" VALUES(10439,'MOUSE S/F LOG.910-001043 M205 NEGRO',24,15,'PC',31.2,102);
INSERT INTO "produto" VALUES(14635,'MOUSE S/F LOG.910-001463 V220 ROJO',32,12,'PC',41.6,102);
INSERT INTO "produto" VALUES(11464,'MOUSE S/F LOG.910-001464 V220 ROSADO',33,12,'PC',42.9,102);
INSERT INTO "produto" VALUES(14651,'MOUSE S/F LOG.910-001465 V220 COBALT BLUE ',30,2,'PC',39,102);
INSERT INTO "produto" VALUES(11466,'MOUSE S/F LOG.910-001466 V220 PLUM PUR ',30,18,'PC',39,102);
INSERT INTO "produto" VALUES(11467,'MOUSE S/F LOG.910-001467 V220 CANDY STRIPE ',32,15,'PC',41.6,102);
INSERT INTO "produto" VALUES(18220,'MOUSE S/F LOG.910-001468 V220 BLUSH BUTTE ',30,14,'PC',39,102);
INSERT INTO "produto" VALUES(14691,'MOUSE S/F LOG.910-001469 V220 AZUL FLORIDO',32,4,'PC',41.6,102);
INSERT INTO "produto" VALUES(31511,'MOUSE S/F LOG.931515-0403 LX7 CORDLESS GRIS',41,15,'PC',53.3,102);
INSERT INTO "produto" VALUES(403,'MOUSE S/F LOG.931633-0403 MX AIR ',144,10,'PC',187.2,102);
INSERT INTO "produto" VALUES(6708,'MOUSE S/F LOG.931669 V450 LASER PRECISIO',48,11,'PC',62.4,102);
INSERT INTO "produto" VALUES(48569,'MOUSE U+P LOG.910-000485 LX6 GRIS/NEGRO',35,9,'PC',45.5,102);
INSERT INTO "produto" VALUES(93145,'MOUSE U+P LOG.931451-0403 LX5 PLATA/NEGRO',35,9,'PC',45.5,102);
INSERT INTO "produto" VALUES(31638,'MOUSE U+P LOG.931638-0403 MX400 ',42,10,'PC',54.6,102);
INSERT INTO "produto" VALUES(21045,'MOUSE USB CIRKUIT MICKEY DSY-MM210 PLATA/NEGRO(G)',18,2,'PC',23.4,102);
INSERT INTO "produto" VALUES(91212,'MOUSE USB LAB.910-000212  GLOW',18,0,'PC',23.4,102);
INSERT INTO "produto" VALUES(93369,'MOUSE USB LOG.931369-0403 OPTICO NEGRO',14,18,'PC',18.2,102);
INSERT INTO "produto" VALUES(273,'MOUSE USB LOG.931622 LX3 OPTICO ULTRA CONFORTABLE',27,10,'PC',35.1,102);
INSERT INTO "produto" VALUES(1631,'MOUSE USB LOG.931641 V100 OPTICO',23,17,'PC',29.9,102);
INSERT INTO "produto" VALUES(658,'MOUSE USB LOG.931658-0403 LX3 OPTICO',28,8,'PC',36.4,102);
INSERT INTO "produto" VALUES(531,'MOUSE USB LOG.931755-0403 V150 LASER P/NOTEBOOK',38,1,'PC',49.4,102);
INSERT INTO "produto" VALUES(10980,'MP10 MINI 980 4B/2CH/TV/2C NEGRO',68,13,'PC',88.4,102);
INSERT INTO "produto" VALUES(91023,'MP10 ORANGE C910 4B/2CH/TV/2G/2C PLATA',105,19,'PC',136.5,102);
INSERT INTO "produto" VALUES(92032,'MP10 ORANGE C920 4B/2CH/TV/2G/1C BLANCO',116,0,'PC',150.8,102);
INSERT INTO "produto" VALUES(50563,'MP12 A99+ 4B/2CH/2C/TV BLANCO (B)',116,7,'PC',150.8,102);
INSERT INTO "produto" VALUES(35410,'MP12 A99+ 4B/2CH/2C/TV NEGRO (B)',116,13,'PC',150.8,102);
INSERT INTO "produto" VALUES(99920,'MP12 A99+ 4B/2CH/2C/TV ROSADO (B)',116,1,'PC',150.8,102);
INSERT INTO "produto" VALUES(35740,'MP12 F1 V123 4B/2CH/2CAM/TV PRATA (B)',102,15,'PC',132.6,102);
INSERT INTO "produto" VALUES(82686,'MP15 T2000 4B/2CH/TV/2CAM WIFI CAPA MARON (B)',177,14,'PC',230.1,102);
INSERT INTO "produto" VALUES(22395,'MP3   2GB OR-MP100 ORANGE NEGRO',23.5,19,'PC',30.55,102);
INSERT INTO "produto" VALUES(22419,'MP3   2GB OR-MP100 ORANGE PLATA',23.5,4,'PC',30.55,102);
INSERT INTO "produto" VALUES(22408,'MP3   2GB OR-MP100 ORANGE ROSADO',23.5,5,'PC',30.55,102);
INSERT INTO "produto" VALUES(22474,'MP3   4GB OR-MP100 ORANGE AZUL ',30,14,'PC',39,102);
INSERT INTO "produto" VALUES(49622,'MP3   4GB OR-MP100 ORANGE NEGRO',30,12,'PC',39,102);
INSERT INTO "produto" VALUES(45221,'MP3   4GB OR-MP100 ORANGE ROSADO',30,6,'PC',39,102);
INSERT INTO "produto" VALUES(46322,'MP3   4GB OR-MP100 ORANGE VERDE',30,1,'PC',39,102);
INSERT INTO "produto" VALUES(44121,'MP3   8GB OR-MP100 ORANGE NEGRO',42,4,'PC',54.6,102);
INSERT INTO "produto" VALUES(42024,'MP3   8GB OR-MP100 ORANGE PLATA',42,10,'PC',54.6,102);
INSERT INTO "produto" VALUES(43011,'MP3   8GB OR-MP100 ORANGE ROJO',42,18,'PC',54.6,102);
INSERT INTO "produto" VALUES(30751,'MP4   4GB OR-MP700 ORANGE AZUL',36,15,'PC',46.8,102);
INSERT INTO "produto" VALUES(26185,'MP4   4GB OR-MP700 ORANGE NEGRO',36,18,'PC',46.8,102);
INSERT INTO "produto" VALUES(27277,'MP4   4GB OR-MP700 ORANGE ROSADO',36,17,'PC',46.8,102);
INSERT INTO "produto" VALUES(29494,'MP4   4GB OR-MP700 ORANGE VERDE',36,0,'PC',46.8,102);
INSERT INTO "produto" VALUES(36232,'MP4   4GB OR-MP800 ORANGE AZUL',40,15,'PC',52,102);
INSERT INTO "produto" VALUES(32933,'MP4   4GB OR-MP800 ORANGE NEGRO',40,5,'PC',52,102);
INSERT INTO "produto" VALUES(34040,'MP4   4GB OR-MP800 ORANGE PLATA',40,10,'PC',52,102);
INSERT INTO "produto" VALUES(35151,'MP4   4GB OR-MP800 ORANGE ROSADO',40,5,'PC',52,102);
INSERT INTO "produto" VALUES(33052,'MP4   4GB OR-MP800 ORANGE VERDE',40,9,'PC',52,102);
INSERT INTO "produto" VALUES(50596,'MP5   4GB OR-MP1000 ORANGE NEGRO C/JUEGO',65,10,'PC',84.5,102);
INSERT INTO "produto" VALUES(37321,'MP5   4GB OR-MP900 ORANGE NEGRO',45,1,'PC',58.5,102);
INSERT INTO "produto" VALUES(38464,'MP5   8GB OR-MP900 ORANGE NEGRO',55,2,'PC',71.5,102);
INSERT INTO "produto" VALUES(95842,'MP6 MM95Y(N95) MINI 4B/2CH/2C MARRON/PLATA (B)',80,12,'PC',104,102);
INSERT INTO "produto" VALUES(37470,'MP6 MM95Y(N95) MINI 4B/2CH/2C NEGRO (B)',80,15,'PC',104,102);
INSERT INTO "produto" VALUES(95956,'MP6 MM95Y(N95) MINI 4B/2CH/2C ROJO/PLATA (B)',80,17,'PC',104,102);
INSERT INTO "produto" VALUES(95801,'MP6 N95 MINI 4B/2CH/2C AZUL/PLATA (B)',81,4,'PC',105.3,102);
INSERT INTO "produto" VALUES(80095,'MP6 N95 MINI 4B/2CH/2C NEGRO (B)',81,1,'PC',105.3,102);
INSERT INTO "produto" VALUES(40602,'MP6 N95 MINI 4B/2CH/2C ROSADO/PLATA (B)',81,7,'PC',105.3,102);
INSERT INTO "produto" VALUES(69101,'MP7 E71 4B/2CH/TV/2CAM GRIS (B)',62,14,'PC',80.6,102);
INSERT INTO "produto" VALUES(41717,'MP7 E71 4B/2CH/TV/2CAM ROJO (B)',62,14,'PC',80.6,102);
INSERT INTO "produto" VALUES(93923,'MP7 H608 4B/2CH/TV/CAM NEGRO (B)',126,10,'PC',163.8,102);
INSERT INTO "produto" VALUES(85184,'MP7 H608 4B/2CH/TV/CAM ROJO (B)',126,10,'PC',163.8,102);
INSERT INTO "produto" VALUES(47602,'MP7 ORANGE C760 4B/2CH/TV/1G/2CAM PLATA',99,1,'PC',128.7,102);
INSERT INTO "produto" VALUES(87219,'NB  BOLSA 15.4" CL LNM-15 AZUL (E)',39,11,'PC',50.7,102);
INSERT INTO "produto" VALUES(52697,'NB  ADESIVO P/ NB 17" AUTOMOVEL (G)',5.5,1,'PC',7.15,102);
INSERT INTO "produto" VALUES(65295,'NB  ADESIVO P/ NB 17" CABEÇA DE CAVEIRA (G)',5.5,7,'PC',7.15,102);
INSERT INTO "produto" VALUES(96542,'NB  ADESIVO P/ NB 17" CARICATURA (G)',7,6,'PC',9.1,102);
INSERT INTO "produto" VALUES(52367,'NB  ADESIVO P/ NB 17" FLORES AZUIS (G)',8,19,'PC',10.4,102);
INSERT INTO "produto" VALUES(23698,'NB  ADESIVO P/ NB 17" LUTADOR (G)',5.5,8,'PC',7.15,102);
INSERT INTO "produto" VALUES(88745,'NB  ADESIVO P/ NB 17" LUZES C/ FLORES (G)',8,3,'PC',10.4,102);
INSERT INTO "produto" VALUES(23145,'NB  ADESIVO P/ NB 17" MOTOQUEIRO FANTASMA (G)',8,15,'PC',10.4,102);
INSERT INTO "produto" VALUES(11415,'NB  ADESIVO P/ NB 17" NEURONIOS  (G)',8,10,'PC',10.4,102);
INSERT INTO "produto" VALUES(92654,'NB  ADESIVO P/ NB 17" REY ESCORPION (G)',5.5,15,'PC',7.15,102);
INSERT INTO "produto" VALUES(17485,'NB  ADESIVO P/ NB 17" REY LEON (G)',5.5,6,'PC',7.15,102);
INSERT INTO "produto" VALUES(56987,'NB  ADESIVO P/ NB 17" SIMBOLO DE ESPADA RO (G)',8,4,'PC',10.4,102);
INSERT INTO "produto" VALUES(40236,'NB  ADESIVO P/ NB 17" SIMBOLO DE ESPADA VE (G)',8,16,'PC',10.4,102);
INSERT INTO "produto" VALUES(55697,'NB  ADESIVO P/ NB 17" VIENTO CON FLOR  (G)',8,6,'PC',10.4,102);
INSERT INTO "produto" VALUES(29874,'NB  ADESIVO P/ NB 17" WARCRAFT (G)',8,5,'PC',10.4,102);
INSERT INTO "produto" VALUES(59687,'NB  ADESIVO P/ TECLADO BOB ESPONJA (G)',5,1,'PC',6.5,102);
INSERT INTO "produto" VALUES(65298,'NB  ADESIVO P/ TECLADO CARS (G)',5,17,'PC',6.5,102);
INSERT INTO "produto" VALUES(31880,'NB  ADESIVO P/ TECLADO DORAEMON (G)',5,5,'PC',6.5,102);
INSERT INTO "produto" VALUES(99548,'NB  ADESIVO P/ TECLADO FUNDO DO MAR (G)',5,10,'PC',6.5,102);
INSERT INTO "produto" VALUES(80310,'NB  ADESIVO P/ TECLADO HELLO KIT (G)',5,14,'PC',6.5,102);
INSERT INTO "produto" VALUES(26789,'NB  ADESIVO P/ TECLADO MICKEY & MINIE (G)',5,8,'PC',6.5,102);
INSERT INTO "produto" VALUES(45789,'NB  ADESIVO P/ TECLADO MICKEY NA MONTANHA RUSA (G)',5,17,'PC',6.5,102);
INSERT INTO "produto" VALUES(48795,'NB  ADESIVO P/ TECLADO SNOOP  (G)',5,8,'PC',6.5,102);
INSERT INTO "produto" VALUES(93906,'NB  APOIO ACRILICO LOG.939-000006 ALTO CONNECT',70,6,'PC',91,102);
INSERT INTO "produto" VALUES(91939,'NB  APOIO ACRILICO LOG.939-000091 COMFORT LAPDESK ',51,18,'PC',66.3,102);
INSERT INTO "produto" VALUES(19223,'NB  APOIO LOG.920-000223 + TECLADO CORDLESS',110,2,'PC',143,102);
INSERT INTO "produto" VALUES(44113,'NB  BATERIA HSTNN-OB37 NBS TX1000/1100/1200 (B)',75,8,'PC',97.5,102);
INSERT INTO "produto" VALUES(11761,'NB  BOLSA  7-10" CL XNTM-2 NEGRO',31,13,'PC',40.3,102);
INSERT INTO "produto" VALUES(76215,'NB  BOLSA 15.4" CL LNM-15 MARRON/ROJO (E)',37,6,'PC',48.1,102);
INSERT INTO "produto" VALUES(56244,'NB  DRIVE EXT. USB YAIR BT-144 BOX',13,3,'PC',16.9,102);
INSERT INTO "produto" VALUES(16041,'NB  FAN CHOIIX C-HL01-WS BLANCO',53,7,'PC',68.9,102);
INSERT INTO "produto" VALUES(61641,'NB  FAN ORANGE NB6 AMARILLO',15,1,'PC',19.5,102);
INSERT INTO "produto" VALUES(66826,'NB  FAN ORANGE NB6 BLANCO',15,5,'PC',19.5,102);
INSERT INTO "produto" VALUES(10616,'NB  FAN ORANGE NB6 ROSA',15,14,'PC',19.5,102);
INSERT INTO "produto" VALUES(16612,'NB  FONTE UNIVERSAL GPS-16 120W 11PINOS',29,11,'PC',37.7,102);
INSERT INTO "produto" VALUES(80124,'NB  FONTE UNIVERSAL GPS-1604HC 120W 8PINOS',32,11,'PC',41.6,102);
INSERT INTO "produto" VALUES(46131,'NB  LAMPADA USB LED LIGTH (B) ',7.5,6,'PC',9.75,102);
INSERT INTO "produto" VALUES(13561,'NB  MALETA  7/10" CL LNEO-10 AZUL',14,0,'PC',18.2,102);
INSERT INTO "produto" VALUES(47606,'NB  MALETA  8.9/10" TERMICA  AZUL (B)',11,15,'PC',14.3,102);
INSERT INTO "produto" VALUES(47617,'NB  MALETA  8.9/10" TERMICA  NEGRO (B)',11,7,'PC',14.3,102);
INSERT INTO "produto" VALUES(21062,'NB  MALETA 10.2" CL VNA-210 MARRON (E)',14,14,'PC',18.2,102);
INSERT INTO "produto" VALUES(23210,'NB  MALETA 10.2" CL VNA-210 NEGRO (E)',14,17,'PC',18.2,102);
INSERT INTO "produto" VALUES(21656,'NB  MALETA 10/12.1" CL LNEO-12 NEGRO (E)',14,8,'PC',18.2,102);
INSERT INTO "produto" VALUES(25113,'NB  MALETA 13" CL BNA-13 GRIS (E)',24.5,9,'PC',31.85,102);
INSERT INTO "produto" VALUES(30313,'NB  MALETA 13" CL BNC-13 GRIS (E)',34,2,'PC',44.2,102);
INSERT INTO "produto" VALUES(30135,'NB  MALETA 13,5" COMTEX 03U',17,13,'PC',22.1,102);
INSERT INTO "produto" VALUES(10214,'NB  MALETA 14.1" CL VNA-214 MARRON (E)',22,18,'PC',28.6,102);
INSERT INTO "produto" VALUES(21463,'NB  MALETA 14.1" CL VNA-214 NEGRO (E)',22,3,'PC',28.6,102);
INSERT INTO "produto" VALUES(30145,'NB  MALETA 14.5" COMTEX 03U',17,17,'PC',22.1,102);
INSERT INTO "produto" VALUES(21615,'NB  MALETA 16" CL VNA-216 MARRON (E)',20,15,'PC',26,102);
INSERT INTO "produto" VALUES(36423,'CAM. WEB DRIVERLESS BLANCO',8.5,1,'PC',11.05,102);
INSERT INTO "produto" VALUES(13608,'NB  PROTETOR  7/10.2" CL PLS-210 AZUL (E)',16.5,16,'PC',21.45,102);
INSERT INTO "produto" VALUES(21358,'NB  PROTETOR  7/10.2" CL PLS-210 ROJO (E)',16.5,8,'PC',21.45,102);
INSERT INTO "produto" VALUES(36200,'NB  PROTETOR 10" ALTEGO 36002 GRIS/TRANSP.',35,3,'PC',45.5,102);
INSERT INTO "produto" VALUES(21322,'NB  PROTETOR 11/12.1" CL PLS-212 ROJO (E)',17.5,10,'PC',22.75,102);
INSERT INTO "produto" VALUES(31322,'NB  PROTETOR 13" CL  SNS13 AZUL',21,5,'PC',27.3,102);
INSERT INTO "produto" VALUES(33804,'NB  PROTETOR 14" CHENSON CG30804 NEGRO (B)',6,18,'PC',7.8,102);
INSERT INTO "produto" VALUES(13614,'NB  PROTETOR 14.1" CL PLS-214 MARRON (E)',20,0,'PC',26,102);
INSERT INTO "produto" VALUES(21413,'NB  PROTETOR 14.1" CL PLS-214 ROJO (E)',20,1,'PC',26,102);
INSERT INTO "produto" VALUES(16520,'NB  PROTETOR 15" CL NCLE-15 NEGRO/ROJO',21,14,'PC',27.3,102);
INSERT INTO "produto" VALUES(13133,'NB  PROTETOR 15" CL SNS-15 AZUL',22,4,'PC',28.6,102);
INSERT INTO "produto" VALUES(10454,'NB  PROTETOR 15" CL SNS-15 ROJO',22,11,'PC',28.6,102);
INSERT INTO "produto" VALUES(60912,'NB  MOCHILA 15.6" KLIP EXTREME  C/RODA NEGRO',56,6,'PC',72.8,102);
INSERT INTO "produto" VALUES(63417,'NB  MOCHILA 17" GOLLA 634B NEGRO (G)',28,18,'PC',36.4,102);
INSERT INTO "produto" VALUES(15158,'NB  PROTETOR 15" CL SPS-15 PLATA (E)',27,10,'PC',35.1,102);
INSERT INTO "produto" VALUES(13116,'NB  PROTETOR 15" CL XNS-15 AZUL',17,2,'PC',22.1,102);
INSERT INTO "produto" VALUES(16186,'NB  PROTETOR 15" CL XNS-15 ROJO',17,12,'PC',22.1,102);
INSERT INTO "produto" VALUES(16164,'NB  PROTETOR 15" CL XNS-15 VERDE',17,4,'PC',22.1,102);
INSERT INTO "produto" VALUES(97154,'NB  PROTETOR 15.4" AMERICAN NEGRO',12,3,'PC',15.6,102);
INSERT INTO "produto" VALUES(15523,'NB  PROTETOR 15.5" TAURUS P/CAPA FINA NEGRO ',9,1,'PC',11.7,102);
INSERT INTO "produto" VALUES(21348,'NB  PROTETOR 15/16" CL NSS-116 GRIS/ROSADO (E)',11,5,'PC',14.3,102);
INSERT INTO "produto" VALUES(13301,'NB  PROTETOR 15/16" CL NSS-116 MARRON/VERDE (E)',11,6,'PC',14.3,102);
INSERT INTO "produto" VALUES(13493,'NB  PROTETOR 15/16" CL NSS-116 NARANJA/GRIS (E)',11,16,'PC',14.3,102);
INSERT INTO "produto" VALUES(10164,'NB  PROTETOR 16" AMERICAN NEGRO',14,11,'PC',18.2,102);
INSERT INTO "produto" VALUES(16135,'NB  PROTETOR 16" CL VLS-116 NEGRO',13,4,'PC',16.9,102);
INSERT INTO "produto" VALUES(13171,'NB  PROTETOR 17" AMERICAN NEGRO',14,3,'PC',18.2,102);
INSERT INTO "produto" VALUES(17170,'NB  PROTETOR 17" CL PLS-17 AZUL (E)',28,14,'PC',36.4,102);
INSERT INTO "produto" VALUES(17837,'NB  PROTETOR 17" CL PLS-17 NEGRO (E)',29,8,'PC',37.7,102);
INSERT INTO "produto" VALUES(31841,'NB  PROTETOR 18.4" AMERICAN NEGRO',14,2,'PC',18.2,102);
INSERT INTO "produto" VALUES(87151,'NB  TRAVA DE SEGURANCA EM ACO F & K',11,10,'PC',14.3,102);
INSERT INTO "produto" VALUES(12332,'NB DELL INSP. 1545 DC 2.1/2/320/RW/C/15.6" AZUL',705,13,'PC',916.5,102);
INSERT INTO "produto" VALUES(11596,'NB DELL INSP. 1545 DC 2.1/2/320/RW/C/15.6" NEGRO',705,10,'PC',916.5,102);
INSERT INTO "produto" VALUES(21545,'NB DELL INSP. 1545 DC 2.1/2/320/RW/C/15.6" ROJO',695,5,'PC',903.5,102);
INSERT INTO "produto" VALUES(11225,'NB DELL MINI INSP. 1012 ATOM 1.66/1/250/C/10" BLA',425,11,'PC',552.5,102);
INSERT INTO "produto" VALUES(44424,'AR CONDICIONADO PREMIUM 24000BTU 220V/50HZ (G)',565,10,'PC',734.5,8);
INSERT INTO "produto" VALUES(12096,'AR CORTINA AR COND HOMETITER FM-1209 220V 60HZ (G)',92,5,'PC',119.6,9);
INSERT INTO "produto" VALUES(4996,'CAM.  LEITOR USB CRYPTONIX  ALL IN 1 CR-UP02',6.5,1,'PC',8.45,52);
INSERT INTO "produto" VALUES(236,'CAM.  LEITOR USB MEMORIA ENCORE ENUCR',9,16,'PC',11.7,12);
INSERT INTO "produto" VALUES(44574,'CAM.  MEM. CF 4GB DANE-ELEC (E)',20,3,'PC',26,13);
INSERT INTO "produto" VALUES(80108,'CAM.  MEM. CF 8GB DANE-ELEC (E)',28,2,'PC',36.4,13);
INSERT INTO "produto" VALUES(42212,'CAM.  MEM. SD  2GB SONY SF-2N1/QJ',9,2,'PC',11.7,14);
INSERT INTO "produto" VALUES(35644,'CAM.  MEM. SD  4GB SONY SF-4N4/QJ',14,11,'PC',18.2,14);
INSERT INTO "produto" VALUES(2589,'CAM.  MEM. SD 2GB DANE-ELEC MICRO 2IN1',7.5,4,'PC',9.75,13);
INSERT INTO "produto" VALUES(42766,'CAM.  MEM. SD 2GB PQI MICRO C/ ADAP. (E)',8.5,5,'PC',11.05,15);
INSERT INTO "produto" VALUES(26592,'CAM.  MEM. SD 2GB RIDATA MICRO C/2ADAP (E)',8,10,'PC',10.4,16);
INSERT INTO "produto" VALUES(46116,'CAM.  MEM. SDHC 16GB SONY SF-16N4/QJ',52,2,'PC',67.6,14);
INSERT INTO "produto" VALUES(28444,'CAM.  MEM. SDHC 4GB DANE-ELEC (E)',12,14,'PC',15.6,13);
INSERT INTO "produto" VALUES(26608,'CAM.  MEM. SDHC 4GB RIDATA MICRO C/2ADAP (E)',12.5,15,'PC',16.25,16);
INSERT INTO "produto" VALUES(87422,'CAM.  MEM. SDHC 8GB DANE-ELEC (E)',19.5,7,'PC',25.35,13);
INSERT INTO "produto" VALUES(36973,'CAM.  MEM. SDHC 8GB RIDATA MICRO C/2ADAP (E)',20,16,'PC',26,16);
INSERT INTO "produto" VALUES(84022,'CAM.  MEM. STICK 2GB SANDISK MICRO M2 (E)',11,8,'PC',14.3,17);
INSERT INTO "produto" VALUES(20480,'CAM.  MEM. STICK 2GB SONY PRO DUO MS-MT2G (E)',15,5,'PC',19.5,14);
INSERT INTO "produto" VALUES(364,'CAM.  MEM. STICK 4GB SANDISK MICRO M2 (E)',18.5,19,'PC',24.05,17);
INSERT INTO "produto" VALUES(12380,'CAM.  MEM. STICK 4GB SONY PRO DUO MS-MT4G (E)',19,4,'PC',24.7,14);
INSERT INTO "produto" VALUES(80888,'CAM.  MEM. STICK 8GB SONY PRO DUO MS-MT8G (E)',27.5,1,'PC',35.75,14);
INSERT INTO "produto" VALUES(16616,'CAM.  MEM. STICK16GB SONY PRO DUO MS-MT16G C/AD',56,16,'PC',72.8,14);
INSERT INTO "produto" VALUES(5824,'CAM.  MEM. XD-PICT. CARD 2GB OLYMPUS (E)',18,10,'PC',23.4,20);
INSERT INTO "produto" VALUES(25259,'CAM.  PILHA MOX ALKALINA MO-AAAB2ALK C/2 AAA',1,1,'PC',1.3,67);
INSERT INTO "produto" VALUES(25304,'CAM.  PILHA MOX ALKALINA MO-AAB2ALK C/2 AA',1,17,'PC',1.3,67);
INSERT INTO "produto" VALUES(31429,'CAM.  PILHA MOX ALKALINA MO-AAB4ALK C/4 AA',1.5,7,'PC',1.95,67);
INSERT INTO "produto" VALUES(26994,'CAM.  PILHA REC. MOX MO-AA2300B2 C/2 AA',2,10,'PC',2.6,67);
INSERT INTO "produto" VALUES(23424,'CAM.  PILHA REC. MOX MO-AA2300B4 C/4 AA',4,5,'PC',5.2,67);
INSERT INTO "produto" VALUES(30417,'CAM.  PILHA REC. MOX MO-AA2300B4 C/4 AAA',4,11,'PC',5.2,67);
INSERT INTO "produto" VALUES(26089,'CAM.  PILHA REC. MOX MO-AA2600B2 C/2 AA',2.5,19,'PC',3.25,67);
INSERT INTO "produto" VALUES(26044,'CAM.  PILHA REC. MOX MO-AA2600B4 C/4 AA',4,15,'PC',5.2,67);
INSERT INTO "produto" VALUES(93000,'CAM.  PILHA REC. MOX MO-AA3000MAH C/2 AA',3,18,'PC',3.9,67);
INSERT INTO "produto" VALUES(50022,'CAM.  PILHA REC. MOX MO-AA3000MAH C/4 AA',4,0,'PC',5.2,67);
INSERT INTO "produto" VALUES(36002,'CAM.  PILHA REC. MOX MO-AA3600B2 C/2 AA',4,16,'PC',5.2,67);
INSERT INTO "produto" VALUES(57316,'CAM.  PILHA REC. MOX MO-AAA2100B2 C/2 AAA',2,12,'PC',2.6,67);
INSERT INTO "produto" VALUES(29778,'CAM.  PILHA REC. MOX MO-AAA2100B4 C/4 AAA',3,4,'PC',3.9,67);
INSERT INTO "produto" VALUES(28695,'CAM.  PILHA REC. MOX MO-AAA2300B2 C/2 AAA',3,19,'PC',3.9,67);
INSERT INTO "produto" VALUES(9501,'CAM. FOTO GENIUS G-SHOT DV600 6.6MP',82,15,'PC',106.6,19);
INSERT INTO "produto" VALUES(8639,'CAM. FOTO GENIUS G-SHOT DV610 ROJO/PLATA',119,2,'PC',154.7,19);
INSERT INTO "produto" VALUES(2611,'CAM. FOTO GENIUS G-SHOT DV611 6.6MP NEGR',122,13,'PC',158.6,19);
INSERT INTO "produto" VALUES(635,'CAM. FOTO GENIUS G-SHOT P635  6.2MP 2.5" PLATA',119,12,'PC',154.7,19);
INSERT INTO "produto" VALUES(51613,'CAM. FOTO OLYMPUS FE-4010 BLANCO S/G',120,10,'PC',156,20);
INSERT INTO "produto" VALUES(40102,'CAM. FOTO OLYMPUS FE-4010 GRIS S/G',120,18,'PC',156,20);
INSERT INTO "produto" VALUES(51725,'CAM. FOTO OLYMPUS FE-5020 BLANCO S/G',126,11,'PC',163.8,20);
INSERT INTO "produto" VALUES(50202,'CAM. FOTO OLYMPUS FE-5020 MARRON S/G',126,15,'PC',163.8,20);
INSERT INTO "produto" VALUES(70110,'CAM. FOTO OLYMPUS STYLUS 7010 GRIS S/G',174,19,'PC',226.2,20);
INSERT INTO "produto" VALUES(70105,'CAM. FOTO OLYMPUS STYLUS 7010 PLATA S/G',174,7,'PC',226.2,20);
INSERT INTO "produto" VALUES(70141,'CAM. FOTO OLYMPUS STYLUS 7010 ROJO S/G',174,6,'PC',226.2,20);
INSERT INTO "produto" VALUES(10771,'CAM. FOTO OLYMPUS STYLUS 7010 ROSADO S/G',174,1,'PC',226.2,20);
INSERT INTO "produto" VALUES(20453,'CAM. FOTO OLYMPUS STYLUS TOUGH-6000 AMAR. S/G',248,5,'PC',322.4,20);
INSERT INTO "produto" VALUES(16779,'CAM. FOTO OLYMPUS STYLUS TOUGH-6000 AZUL S/G',248,13,'PC',322.4,20);
INSERT INTO "produto" VALUES(66601,'CAM. FOTO OLYMPUS STYLUS TOUGH-6000 NARAN. S/G',248,11,'PC',322.4,20);
INSERT INTO "produto" VALUES(74526,'CAM. FOTO OLYMPUS T-100 NEGRO S/G',93,5,'PC',120.9,20);
INSERT INTO "produto" VALUES(53962,'CAM. FOTO OLYMPUS T-100 PLATA S/G',95,10,'PC',123.5,20);
INSERT INTO "produto" VALUES(55012,'CAM. FOTO OLYMPUS U-550WP VERDE S/G',124,6,'PC',161.2,20);
INSERT INTO "produto" VALUES(70205,'CAM. FOTO OLYMPUS U-7020 GRIS S/G HDMI',179,3,'PC',232.7,20);
INSERT INTO "produto" VALUES(70201,'CAM. FOTO OLYMPUS U-7020 PLATA S/G HDMI',179,11,'PC',232.7,20);
INSERT INTO "produto" VALUES(51395,'CAM. FOTO OLYMPUS U-7020 ROJO S/G HDMI',179,3,'PC',232.7,20);
INSERT INTO "produto" VALUES(90074,'CAM. FOTO OLYMPUS U-9000 DORADO S/G',199,15,'PC',258.7,20);
INSERT INTO "produto" VALUES(21271,'CAM. FOTO OLYMPUS X-21 NEGRO 12.MP S/G',87,16,'PC',113.1,20);
INSERT INTO "produto" VALUES(10242,'CAM. FOTO OLYMPUS X-42 NEGRO 12. MP S/G',94,2,'PC',122.2,20);
INSERT INTO "produto" VALUES(35610,'CAM. FOTO OLYMPUS X-560WP WATERPROOF ROJO S/G',126,10,'PC',163.8,20);
INSERT INTO "produto" VALUES(17092,'CAM. FOTO OLYMPUS X-920 BLANCO/NEGRO S/G',114,11,'PC',148.2,20);
INSERT INTO "produto" VALUES(48920,'CAM. FOTO OLYMPUS X-920 GRIS/NEGRO S/G',114,6,'PC',148.2,20);
INSERT INTO "produto" VALUES(93505,'CAM. FOTO OLYMPUS X-935 AZUL/NEGRO S/G',126,11,'PC',163.8,20);
INSERT INTO "produto" VALUES(93512,'CAM. FOTO OLYMPUS X-935 BLANCO/NEGRO S/G',126,18,'PC',163.8,20);
INSERT INTO "produto" VALUES(99355,'CAM. FOTO OLYMPUS X-935 ROJO/NEGRO S/G',126,12,'PC',163.8,20);
INSERT INTO "produto" VALUES(31155,'CAM. FOTO SAMSUNG ES15 10.2MPS NEGRO',75.5,7,'PC',98.15,11);
INSERT INTO "produto" VALUES(15102,'CAM. FOTO SAMSUNG ES15 10.2MPS PLATA',75.5,0,'PC',98.15,11);
INSERT INTO "produto" VALUES(12217,'CAM. FOTO SAMSUNG ES17 12.2MPS NEGRO',82,5,'PC',106.6,11);
INSERT INTO "produto" VALUES(12172,'CAM. FOTO SAMSUNG ES17 12.2MPS PLATA',82,19,'PC',106.6,11);
INSERT INTO "produto" VALUES(55750,'CAM. IP EDIMAX IC-1500  REDE RJ45',65,18,'PC',84.5,102);
INSERT INTO "produto" VALUES(60602,'CAM. FOTO SAMSUNG ES60 12.2MPS CINZA',98.5,11,'PC',128.05,11);
INSERT INTO "produto" VALUES(60122,'CAM. FOTO SAMSUNG ES60 12.2MPS NEGRO',98.5,4,'PC',128.05,11);
INSERT INTO "produto" VALUES(12260,'CAM. FOTO SAMSUNG ES60 12.2MPS PINK',98.5,11,'PC',128.05,11);
INSERT INTO "produto" VALUES(20156,'CAM. FOTO SAMSUNG ES65 10.2MPS NEGRO',98,7,'PC',127.4,11);
INSERT INTO "produto" VALUES(10265,'CAM. FOTO SAMSUNG ES65 10.2MPS PLATA',98,4,'PC',127.4,11);
INSERT INTO "produto" VALUES(65510,'CAM. FOTO SAMSUNG ES65 10.2MPS ROSADO',98,18,'PC',127.4,11);
INSERT INTO "produto" VALUES(70752,'CAM. FOTO SAMSUNG ES70 12.2MPS PLATA',110,13,'PC',143,11);
INSERT INTO "produto" VALUES(70883,'CAM. FOTO SAMSUNG ES70 12.2MPS ROSADO',110,5,'PC',143,11);
INSERT INTO "produto" VALUES(73122,'CAM. FOTO SAMSUNG ES73 12.2MPS NEGRO',112,4,'PC',145.6,11);
INSERT INTO "produto" VALUES(73303,'CAM. FOTO SAMSUNG ES73 12.2MPS PLATA',112,6,'PC',145.6,11);
INSERT INTO "produto" VALUES(73715,'CAM. FOTO SAMSUNG ES73 12.2MPS ROJO',112,17,'PC',145.6,11);
INSERT INTO "produto" VALUES(10251,'CAM. FOTO SAMSUNG PL51 10.2MPS CINZA',110,15,'PC',143,11);
INSERT INTO "produto" VALUES(51102,'CAM. FOTO SAMSUNG PL51 10.2MPS NEGRO',110,12,'PC',143,11);
INSERT INTO "produto" VALUES(51512,'CAM. FOTO SAMSUNG PL51 10.2MPS RED',110,7,'PC',143,11);
INSERT INTO "produto" VALUES(22164,'CAM. FOTO SAMSUNG ST500 12.2MPS AZUL/NEGRO',245,1,'PC',318.5,11);
INSERT INTO "produto" VALUES(41226,'CAM. FOTO SAMSUNG ST500 12.2MPS PLATA/NEGRO',245,15,'PC',318.5,11);
INSERT INTO "produto" VALUES(12246,'CAM. FOTO SAMSUNG ST500 12.2MPS ROJO/NEGRO',245,19,'PC',318.5,11);
INSERT INTO "produto" VALUES(50142,'CAM. FOTO SAMSUNG ST5000 14.2MPS NARANJA HDMI',275,5,'PC',357.5,11);
INSERT INTO "produto" VALUES(50714,'CAM. FOTO SAMSUNG ST5000 14.2MPS NEGRO HDMI',275,11,'PC',357.5,11);
INSERT INTO "produto" VALUES(2619,'CAM. FOTO SONY DSC-H20 CYBERSHOT NEGRO',247,15,'PC',321.1,14);
INSERT INTO "produto" VALUES(49191,'CAM. FOTO SONY DSC-HX1 CYBERSHOT NEGRO',418,7,'PC',543.4,14);
INSERT INTO "produto" VALUES(93068,'CAM. FOTO SONY DSC-S930  ROSA + CARREGADOR',115,2,'PC',149.5,14);
INSERT INTO "produto" VALUES(27012,'CAM. FOTO SONY DSC-W270 CYBERSHOT PLATA',215,7,'PC',279.5,14);
INSERT INTO "produto" VALUES(21915,'CAM. FOTO SONY DSC-W290 CYBERSHOT AZUL',224,14,'PC',291.2,14);
INSERT INTO "produto" VALUES(78310,'CAM. FOTO SONY DSC-W310 CYBERSHOT NEGRO',142,14,'PC',184.6,14);
INSERT INTO "produto" VALUES(31077,'CAM. FOTO SONY DSC-W310 CYBERSHOT PLATA',142,5,'PC',184.6,14);
INSERT INTO "produto" VALUES(32096,'CAM. FOTO SONY DSC-W320 CYBERSHOT NEGRO',152,6,'PC',197.6,14);
INSERT INTO "produto" VALUES(32089,'CAM. FOTO SONY DSC-W320 CYBERSHOT PLATA',152,1,'PC',197.6,14);
INSERT INTO "produto" VALUES(41531,'CAM. FOTO SONY DSC-WX1 CYBERSHOT NEGRO',327,6,'PC',425.1,14);
INSERT INTO "produto" VALUES(65120,'CAM. FOTO SONY DSC-WX1 CYBERSHOT PLATA',327,12,'PC',425.1,14);
INSERT INTO "produto" VALUES(48552,'CAM. FOTO SONY DSLR A-380L DT18-55MM  NEGRO',655,1,'PC',851.5,14);
INSERT INTO "produto" VALUES(67236,'CAM. FOTO SONY DSLR-A230Y KIT 2 LENTES NEGRO',600,18,'PC',780,14);
INSERT INTO "produto" VALUES(33098,'CAM. FOTO SONY DSLR-A330Y KIT 2 LENTES NEGRO',755,16,'PC',981.5,14);
INSERT INTO "produto" VALUES(48576,'CAM. FOTO SONY DSLR-A380Y KIT 2 LENTES NEGRO ',965,12,'PC',1254.5,14);
INSERT INTO "produto" VALUES(71130,'CAM. IP D-LINK DCS-1130 WIRELESS',140,5,'PC',182,21);
INSERT INTO "produto" VALUES(35300,'CAM. IP D-LINK DCS-5300+AUDIO',335,0,'PC',435.5,21);
INSERT INTO "produto" VALUES(11920,'CAM. IP D-LINK DCS-920 WIRELESS',102,11,'PC',132.6,21);
INSERT INTO "produto" VALUES(21105,'CAM. WEB DR.HANK VC-V105-CD1B 5.0MP NEGRO/PLATA',21,0,'PC',27.3,22);
INSERT INTO "produto" VALUES(71117,'CAM. WEB ENCORE EXPRESS ENUCM-011B NEGRO (E)',13,19,'PC',16.9,12);
INSERT INTO "produto" VALUES(86420,'CAM. WEB INOVIA RCW-1000 PLATA USB',16.5,6,'PC',21.45,23);
INSERT INTO "produto" VALUES(50113,'CAM. WEB INOVIA RCW-501 PLUS NEGRO USB',14,3,'PC',18.2,23);
INSERT INTO "produto" VALUES(50114,'CAM. WEB INOVIA RCW-501 PLUS PLATA USB',14,6,'PC',18.2,23);
INSERT INTO "produto" VALUES(50195,'CAM. WEB JEWAY NEGRO',10.5,18,'PC',13.65,24);
INSERT INTO "produto" VALUES(14091,'CAM. WEB NATIVA NSW-205 MIC + SENSOR LUMI',8.5,4,'PC',11.05,25);
INSERT INTO "produto" VALUES(15381,'CAM. WEB PIXXO AW-081A MAGIC EYE NEGRO USB',14,15,'PC',18.2,26);
INSERT INTO "produto" VALUES(21301,'CAM. WEB PIXXO AW-I2130 NEGRO USB',11,17,'PC',14.3,26);
INSERT INTO "produto" VALUES(6345,'CAM. WEB SATELLITE WB-C04 LIVE NEGRO',7.5,9,'PC',9.75,27);
INSERT INTO "produto" VALUES(6343,'CAM. WEB SATELLITE WB-C05 LIVE PLATA',14,15,'PC',18.2,27);
INSERT INTO "produto" VALUES(9628,'CAM. WEB SATELLITE WB-C08 PLATA',11.5,8,'PC',14.95,27);
INSERT INTO "produto" VALUES(9630,'CAM. WEB SATELLITE WB-C09 NEGRO',14.5,8,'PC',18.85,27);
INSERT INTO "produto" VALUES(1088,'CAM. WEB SATELLITE WB-C11 300K PLATA',13,2,'PC',16.9,27);
INSERT INTO "produto" VALUES(357,'CAM. WEB SATELLITE WB-C12 1300K BLANCO',11.5,4,'PC',14.95,27);
INSERT INTO "produto" VALUES(612,'CAM. WEB SATELLITE WB-C12 300K NEGRO',13.5,13,'PC',17.55,27);
INSERT INTO "produto" VALUES(14414,'CAM. WEB SATELLITE WB-C14 300K NEGRO',13,5,'PC',16.9,27);
INSERT INTO "produto" VALUES(15215,'CAM. WEB SATELLITE WB-C15 300K NEGRO',22,15,'PC',28.6,27);
INSERT INTO "produto" VALUES(21107,'CARRE. SONY USB CP-AL Li-Ion ',22,7,'PC',28.6,14);
INSERT INTO "produto" VALUES(82120,'CART. EPSON T082120-AL  BLACK 300 P P/R2',19,13,'PC',24.7,28);
INSERT INTO "produto" VALUES(82220,'CART. EPSON T082220-AL  CYAN 515 P P/R27',19,13,'PC',24.7,28);
INSERT INTO "produto" VALUES(32082,'CART. EPSON T082320-AL  MAGENTA 515',19,17,'PC',24.7,28);
INSERT INTO "produto" VALUES(82420,'CART. EPSON T082420-AL  YELLOW 515 P P/R',19,7,'PC',24.7,28);
INSERT INTO "produto" VALUES(1450,'CART. HP 51640C AZUL 1200,1600 OEM',18,13,'PC',23.4,29);
INSERT INTO "produto" VALUES(8902,'CART. HP 8767 (96) NEGRO P/5740/6520',29,19,'PC',37.7,29);
INSERT INTO "produto" VALUES(16657,'CART. HP C6657A COLOR ',37,7,'PC',48.1,29);
INSERT INTO "produto" VALUES(8390,'CCD 80MM DYNAPOS PS2 BLANCO',30,0,'PC',39,30);
INSERT INTO "produto" VALUES(22680,'CCD 80MM DYNAPOS PS2 NEGRO',31,2,'PC',40.3,30);
INSERT INTO "produto" VALUES(26310,'CCD 80MM KAIOMY HBS-310 PS2 GRIS',24,13,'PC',31.2,31);
INSERT INTO "produto" VALUES(31026,'CCD 80MM KAIOMY HBS-310 USB GRIS',26,19,'PC',33.8,31);
INSERT INTO "produto" VALUES(17310,'CCD BR-310 POS SCANNER BEMATECH PS2 BEIGE',33,7,'PC',42.9,32);
INSERT INTO "produto" VALUES(31088,'CCD BR-310 POS SCANNER BEMATECH PS2 NEGRO',37,17,'PC',48.1,32);
INSERT INTO "produto" VALUES(6091,'CCD METROLOGIC MK-5145 ECLIPSE',96,14,'PC',124.8,33);
INSERT INTO "produto" VALUES(73201,'CCD METROLOGIC MS-7320-07 USB BLANCO',266,5,'PC',345.8,33);
INSERT INTO "produto" VALUES(729,'CCD METROLOGIC MS-9520 PS2/AT NEGRO',129,7,'PC',167.7,33);
INSERT INTO "produto" VALUES(952,'CCD METROLOGIC MS-9520 USB NEGRO',130,10,'PC',169,33);
INSERT INTO "produto" VALUES(31182,'CCD METROLOGIC MS-9535 BLUETOOTH PS2 NEGRO',369,14,'PC',479.7,33);
INSERT INTO "produto" VALUES(95351,'CCD METROLOGIC MS-9535 BLUETOOTH USB NEGRO',360,15,'PC',468,33);
INSERT INTO "produto" VALUES(95909,'CCD METROLOGIC MS-9590 A47 PS2 TECLADO',129,12,'PC',167.7,33);
INSERT INTO "produto" VALUES(96038,'CCD METROLOGIC MS-9590 USB NEGRO',127,19,'PC',165.1,33);
INSERT INTO "produto" VALUES(40535,'CCTV CAM. VOYAGER NTSC VCR-05 CMOS 5V',13,9,'PC',16.9,34);
INSERT INTO "produto" VALUES(10123,'CCTV CAM. VOYAGER NTSC VR-10 15M PLATA ',43,18,'PC',55.9,34);
INSERT INTO "produto" VALUES(11001,'CCTV CAM. VOYAGER NTSC VR-100 100M/IR  (B)',139,14,'PC',180.7,34);
INSERT INTO "produto" VALUES(20335,'CCTV CAM. VOYAGER NTSC VR-2036 (SHARP)',44,1,'PC',57.2,34);
INSERT INTO "produto" VALUES(20241,'CCTV CAM. VOYAGER NTSC VR-24S 24M/IR',47,15,'PC',61.1,34);
INSERT INTO "produto" VALUES(30014,'CCTV CAM. VOYAGER NTSC VR-300DN',27,3,'PC',35.1,34);
INSERT INTO "produto" VALUES(13360,'CCTV CAM. VOYAGER NTSC VR-326S MINI CCD',26,5,'PC',33.8,34);
INSERT INTO "produto" VALUES(13674,'CCTV CAM. VOYAGER NTSC VR-420/802 4CAM S/F',130,2,'PC',169,34);
INSERT INTO "produto" VALUES(11426,'CCTV CAM. VOYAGER NTSC VR-426 MINI CCD NEGRO',30,10,'PC',39,34);
INSERT INTO "produto" VALUES(50150,'CCTV CAM. VOYAGER NTSC VR-50S 50M',79,15,'PC',102.7,34);
INSERT INTO "produto" VALUES(13802,'CCTV CAM. VOYAGER NTSC VR-802',24,16,'PC',31.2,34);
INSERT INTO "produto" VALUES(15692,'CCTV CAM. VOYAGER NTSC VR-806 INFRA PLATA',36,3,'PC',46.8,34);
INSERT INTO "produto" VALUES(30806,'CCTV CAM. VOYAGER NTSC VR-806S INFRA NEGRO',40,12,'PC',52,34);
INSERT INTO "produto" VALUES(14448,'CCTV PL PCI GEOVISION GV-1480 480F',490,11,'PC',637,35);
INSERT INTO "produto" VALUES(80708,'CCTV PL PCI GEOVISION GV-250 AZUL (B)',25,18,'PC',32.5,35);
INSERT INTO "produto" VALUES(16090,'CCTV PL PCI GEOVISION GV-250V2 16 CANAIS',28,14,'PC',36.4,35);
INSERT INTO "produto" VALUES(14993,'CCTV PL PCI GEOVISION GV800 8.11',70,4,'PC',91,35);
INSERT INTO "produto" VALUES(24190,'CCTV PL PCI GEOVISION GV900 240FPS',195,17,'PC',253.5,35);
INSERT INTO "produto" VALUES(30144,'CD-  DVD-R PHILIPS TUBO DE 10 1.4GB MINI (G)',18,9,'PC',23.4,37);
INSERT INTO "produto" VALUES(25471,'CD-  DVD-R PHILIPS TUBO DE 25 4.7GB (G)',13,19,'PC',16.9,37);
INSERT INTO "produto" VALUES(769,'CD-  DVD-R PHILIPS TUBO DE 50 4.7GB PRIN (G)',20,2,'PC',26,37);
INSERT INTO "produto" VALUES(675,'CD-  DVD-R SAMSUNG 1.46GB MINI TUBO 50 (G)',92,11,'PC',119.6,11);
INSERT INTO "produto" VALUES(11661,'CD-R MAXELL TUBO DE 50 (G)',14,10,'PC',18.2,36);
INSERT INTO "produto" VALUES(623,'CD-R PHILIPS TUBO DE  25 OEM   700MB (G)',9,18,'PC',11.7,37);
INSERT INTO "produto" VALUES(1526,'CD-R PHILIPS TUBO DE  50  700MB (G)',13,8,'PC',16.9,37);
INSERT INTO "produto" VALUES(80412,'CD-R PHILIPS TUBO DE 10 C/CASCA 700MB (G)',13.5,14,'PC',17.55,37);
INSERT INTO "produto" VALUES(90396,'CHOPEIRA HEINEKEN KRUPS B90 BEERTENDER',240,11,'PC',312,38);
INSERT INTO "produto" VALUES(91090,'CHOPEIRA HEINEKEN REFIL BT1001 C/10 UN.',21,12,'PC',27.3,38);
INSERT INTO "produto" VALUES(65023,'CPU AMD AM2+ PHENOM-9650 Q-CORE 2.3 4M',111.5,3,'PC',144.95,39);
INSERT INTO "produto" VALUES(22401,'CPU AMD AM3 ATHLON II X2 240 2.8 2MB',69,10,'PC',89.7,39);
INSERT INTO "produto" VALUES(24529,'CPU AMD AM3 ATHLON II X2 245 2.9 2MB',72,17,'PC',93.6,39);
INSERT INTO "produto" VALUES(42527,'CPU AMD AM3 ATHLON II X3 425 2.7 1.5MB',82,8,'PC',106.6,39);
INSERT INTO "produto" VALUES(43529,'CPU AMD AM3 ATHLON II X3 435 2.9 1.5MB',88,8,'PC',114.4,39);
INSERT INTO "produto" VALUES(43620,'CPU AMD AM3 ATHLON II X4 620 2.6 2MB',112,0,'PC',145.6,39);
INSERT INTO "produto" VALUES(63004,'CPU AMD AM3 ATHLON II X4 630 2.8 2MB',116,11,'PC',150.8,39);
INSERT INTO "produto" VALUES(32545,'CPU AMD AM3 PHENOM II X2 545 3.0 7MB',98,0,'PC',127.4,39);
INSERT INTO "produto" VALUES(32955,'CPU AMD AM3 PHENOM II X4 955 3.2 8MB',188,8,'PC',244.4,39);
INSERT INTO "produto" VALUES(14010,'CPU AMD AM3 SEMPRON 140 2.7 1MB',39,1,'PC',50.7,39);
INSERT INTO "produto" VALUES(6824,'CPU INTEL 603 XEON 2.8  800M 1MB BOX',229,4,'PC',297.7,40);
INSERT INTO "produto" VALUES(60430,'CPU INTEL 604 XEON 3.0  800M 1MB OEM (B)',345,10,'PC',448.5,40);
INSERT INTO "produto" VALUES(3065,'CPU INTEL 604 XEON 3.06 533M  512K BOX',334,7,'PC',434.2,40);
INSERT INTO "produto" VALUES(6913,'CPU INTEL 604 XEON 3.06 533M 1MB BOX',500,19,'PC',650,40);
INSERT INTO "produto" VALUES(6790,'CPU INTEL 604 XEON 3.2  533M 1MB BOX',720,12,'PC',936,40);
INSERT INTO "produto" VALUES(75293,'CPU INTEL 775 C2D E7500 2.93 3M 1066M',127,3,'PC',165.1,40);
INSERT INTO "produto" VALUES(18400,'CPU INTEL 775 C2D E8400 3.0   6M 1333M',189,13,'PC',245.7,40);
INSERT INTO "produto" VALUES(52850,'CPU INTEL 775 C2D E8500 3.16 6M 1333M',210,8,'PC',273,40);
INSERT INTO "produto" VALUES(28200,'CPU INTEL 775 C2Q Q8200 2.33 4M 1333M',160,19,'PC',208,40);
INSERT INTO "produto" VALUES(84266,'CPU INTEL 775 C2Q Q8400 2.66 4M 1333M',189,3,'PC',245.7,40);
INSERT INTO "produto" VALUES(79400,'CPU INTEL 775 C2Q Q9400 2.66 6M 1333M',210,8,'PC',273,40);
INSERT INTO "produto" VALUES(75955,'CPU INTEL 775 C2Q Q9550 2.83 12M 1333M',280,2,'PC',364,40);
INSERT INTO "produto" VALUES(16024,'CPU INTEL 775 CEL. DC E1600 2.4 512K 800M',50,15,'PC',65,40);
INSERT INTO "produto" VALUES(32008,'CPU INTEL 775 CEL. DC E3200 2.4  1M 800M',55,19,'PC',71.5,40);
INSERT INTO "produto" VALUES(22008,'CPU INTEL 775 DC E2200 2.2  1M 800M',69,0,'PC',89.7,40);
INSERT INTO "produto" VALUES(53005,'CPU INTEL 775 DC E5300 2.6  2M 800M',73,3,'PC',94.9,40);
INSERT INTO "produto" VALUES(54006,'CPU INTEL 775 DC E5400 2.7  2M 800M',75,13,'PC',97.5,40);
INSERT INTO "produto" VALUES(63540,'CPU INTEL-1156 i3-540 HT 3.06 2.5GT/S 4M',168,11,'PC',218.4,40);
INSERT INTO "produto" VALUES(86078,'CPU INTEL-1156 i7-860 HT 2.80 2.5GT/S 8M',345,16,'PC',448.5,40);
INSERT INTO "produto" VALUES(92048,'CPU INTEL-1366 i7-920 HT 2.66 4.8GT/S 8M',323,6,'PC',419.9,40);
INSERT INTO "produto" VALUES(33975,'CPU INTEL-1366 i7-975 HT 3.33 6.4GT/S 8M',1170,14,'PC',1521,40);
INSERT INTO "produto" VALUES(39017,'CPU NB INTEL CELERON M 390 1.7 400M P/ NOTEBOOK',59,0,'PC',76.7,40);
INSERT INTO "produto" VALUES(16420,'CPU NB INTEL CELERON M 420 1.6 533M OEM',60,16,'PC',78,40);
INSERT INTO "produto" VALUES(121,'DATA SWITCH  2P. D-LINK KVM-121',28.5,12,'PC',37.05,21);
INSERT INTO "produto" VALUES(9377,'DATA SWITCH  4P. D-LINK DKVM-4K',40,8,'PC',52,21);
INSERT INTO "produto" VALUES(92160,'DESKTOP AOC M92 ATOM 1.6/1/160/18.5" TEC. ESPANHO',490,4,'PC',637,41);
INSERT INTO "produto" VALUES(92116,'DESKTOP AOC M92 ATOM 1.6/1/160/18.5" TEC. INGLES',480,12,'PC',624,41);
INSERT INTO "produto" VALUES(95021,'DESKTOP IMAC MB950LZ/A C2D 3.06/4/500/RW/C/21.5"',1480,0,'PC',1924,42);
INSERT INTO "produto" VALUES(30627,'DESKTOP IMAC MB952LZ/A C2D 3.06/4/1TB/RW/C/27"',2190,5,'PC',2847,42);
INSERT INTO "produto" VALUES(41336,'DESKTOP IMAC MC413LZ/A C2D 3.06/4/1TB/RW/C/21.5"',1830,1,'PC',2379,42);
INSERT INTO "produto" VALUES(10915,'DVD PLAYER BAK PORTATIL 10"  BK-DVD-1091TV',128,9,'PC',166.4,4);
INSERT INTO "produto" VALUES(10959,'DVD PLAYER BAK PORTATIL 10.4"  BK-DVD-1095TV',138,12,'PC',179.4,4);
INSERT INTO "produto" VALUES(11316,'DVD PLAYER BAK PORTATIL 11"  BK-DVD-1131TV',138,9,'PC',179.4,4);
INSERT INTO "produto" VALUES(21537,'DVD PLAYER BAK PORTATIL 15" BK-DVD-1500TV',173,9,'PC',224.9,4);
INSERT INTO "produto" VALUES(71014,'DVD PLAYER BAK PORTATIL 7" BK-DVD-7101SD BLANCO',73,4,'PC',94.9,4);
INSERT INTO "produto" VALUES(70339,'DVD PLAYER BAK PORTATIL 7" BK-DVD-7300SD AZUL',74,13,'PC',96.2,4);
INSERT INTO "produto" VALUES(70552,'DVD PLAYER BAK PORTATIL 7" BK-DVD-7300SD ROJO',74,3,'PC',96.2,4);
INSERT INTO "produto" VALUES(77330,'DVD PLAYER BAK PORTATIL 7" BK-DVD-7330TV PLATA',90,13,'PC',117,4);
INSERT INTO "produto" VALUES(78563,'DVD PLAYER BAK PORTATIL 7" BK-DVD-7850TV AZUL',86,12,'PC',111.8,4);
INSERT INTO "produto" VALUES(77850,'DVD PLAYER BAK PORTATIL 7" BK-DVD-7850TV ROJO',86,6,'PC',111.8,4);
INSERT INTO "produto" VALUES(96757,'DVD PLAYER COBY  7" PORTATIL TF-DVD7507 (B)',88,1,'PC',114.4,43);
INSERT INTO "produto" VALUES(81881,'DVD PLAYER COBY  8" PORTATIL TF-DVD8188 (B)',131,15,'PC',170.3,43);
INSERT INTO "produto" VALUES(11799,'DVD PLAYER MOX 9" MO-9000 C/TV NEGRO/PLATA',128,1,'PC',166.4,67);
INSERT INTO "produto" VALUES(99291,'DVD PLAYER MOX 9" MO-9009 C/TV NEGRO',108,1,'PC',140.4,67);
INSERT INTO "produto" VALUES(19009,'DVD PLAYER MOX 9" MO-9009 C/TV NEGRO/BLANCO',115,16,'PC',149.5,67);
INSERT INTO "produto" VALUES(90509,'DVD PLAYER MOX 9" MO-9009 C/TV NEGRO/PLATA',115,5,'PC',149.5,67);
INSERT INTO "produto" VALUES(25007,'FILMADORA  OCULOS 2GB BAK BK-MP5007 5EM1',74,2,'PC',96.2,10);
INSERT INTO "produto" VALUES(60,'FAN DISIPADOR P/HD DR. HANK AH-6016-DAEB NEGRO',13,7,'PC',16.9,102);
INSERT INTO "produto" VALUES(50601,'FILMADORA HP V5060HA 12MP',165,4,'PC',214.5,29);
INSERT INTO "produto" VALUES(4924,'FILMADORA PANASONIC MINI DV AGDVC20',1130,18,'PC',1469,46);
INSERT INTO "produto" VALUES(14100,'FILMADORA SAMSUNG HMX-U10 10MPS ROJO',145,3,'PC',188.5,11);
INSERT INTO "produto" VALUES(23178,'FILMADORA SAMSUNG MINI SMX-C20LN AZUL/NEGRO',184,0,'PC',239.2,11);
INSERT INTO "produto" VALUES(78109,'FILMADORA SAMSUNG MINI SMX-C20RN ROJO/NEGRO',184,3,'PC',239.2,11);
INSERT INTO "produto" VALUES(6159,'MOUSE PAD TECIDO(B)',2,17,'PC',2.6,102);
INSERT INTO "produto" VALUES(10650,'FILMADORA SONY DCR-DVD650 HANDYCAM',293,18,'PC',380.9,14);
INSERT INTO "produto" VALUES(83138,'FILMADORA SONY DCR-SR68 80GB HANDYCAM AZUL',340,8,'PC',442,14);
INSERT INTO "produto" VALUES(68468,'FILMADORA SONY DCR-SR68 80GB HANDYCAM PLATA ',340,5,'PC',442,14);
INSERT INTO "produto" VALUES(94873,'FILMADORA SONY DCR-SR87 HANDYCAM',470,19,'PC',611,14);
INSERT INTO "produto" VALUES(88329,'FILMADORA SONY DCR-SR88 HANDYCAM',390,11,'PC',507,14);
INSERT INTO "produto" VALUES(26336,'FILMADORA SONY DCR-SX83 16GB HANDYCAM PLATA',376,6,'PC',488.8,14);
INSERT INTO "produto" VALUES(81000,'FILMADORA SONY HVR-HD1000N',1520,16,'PC',1976,14);
INSERT INTO "produto" VALUES(51065,'FILMADORA SONY MHS-PM5 HD BLOGGIE ROSADO',140,6,'PC',182,14);
INSERT INTO "produto" VALUES(20511,'FILTRO DE LINHA SHARK SK-FIL2051 6T BLANCO',4,17,'PC',5.2,47);
INSERT INTO "produto" VALUES(66016,'FILTRO DE LINHA SHARK SK-FIT06 6T NEGRO',4.5,19,'PC',5.85,47);
INSERT INTO "produto" VALUES(87503,'FITA EPSON 8750 LX-300 ORIGINAL (E)',7,7,'PC',9.1,28);
INSERT INTO "produto" VALUES(61161,'FONE BAK BK-61 BLANCO',4,6,'PC',5.2,10);
INSERT INTO "produto" VALUES(67267,'FONE BAK BK-67 NEGRO',4,5,'PC',5.2,10);
INSERT INTO "produto" VALUES(11965,'FONE LOGITECH METROFI 170 IP-P1SSSB0017-02 ',60,13,'PC',78,48);
INSERT INTO "produto" VALUES(34617,'FONE MAXELL IRHP-9000  WIRELESS (B)',55,19,'PC',71.5,29);
INSERT INTO "produto" VALUES(151,'FONE MEGASTON  MP3/MP4 (B)',1.4,1,'PC',1.82,100);
INSERT INTO "produto" VALUES(45002,'FONTE * P4 * ASVOTEK ULTRA AV-500 200W 20/24P',10,16,'PC',13,82);
INSERT INTO "produto" VALUES(12400,'FONTE * P4 * ASVOTEK ULTRA AV-600 400W 20/24P',32,13,'PC',41.6,82);
INSERT INTO "produto" VALUES(80600,'FONTE * P4 * ASVOTEK ULTRA AV-800 600W 20/24P',73,16,'PC',94.9,82);
INSERT INTO "produto" VALUES(40140,'FONTE * P4 * CORSAIR  400W REAL CMPSU- 400CX PS/2',62,13,'PC',80.6,50);
INSERT INTO "produto" VALUES(45450,'FONTE * P4 * CORSAIR  450W CMPSU- 450VX',87,0,'PC',113.1,50);
INSERT INTO "produto" VALUES(55550,'FONTE * P4 * CORSAIR  550W CMPSU- 550VX',108,17,'PC',140.4,50);
INSERT INTO "produto" VALUES(50650,'FONTE * P4 * CORSAIR  650W CMPSU- 650TX',142,2,'PC',184.6,50);
INSERT INTO "produto" VALUES(75012,'FONTE * P4 * CORSAIR  750W CMPSU- 750TX',154,5,'PC',200.2,50);
INSERT INTO "produto" VALUES(84850,'FONTE * P4 * CORSAIR  850W CMPSU- 850TX',168,17,'PC',218.4,50);
INSERT INTO "produto" VALUES(93472,'FONTE * P4 * CORSAIR  950W CMPSU- 950TX',182,13,'PC',236.6,50);
INSERT INTO "produto" VALUES(99100,'FONTE * P4 * CORSAIR 1000W CMPSU-1000HX',262,12,'PC',340.6,50);
INSERT INTO "produto" VALUES(5024,'FONTE * P4 * MTEK  500W 20+4=24PINOS',11.5,13,'PC',14.95,51);
INSERT INTO "produto" VALUES(801,'FONTE * P4 * MTEK  550W 24/20P BIG FAN',19,0,'PC',24.7,51);
INSERT INTO "produto" VALUES(9580,'FONTE * P4 * MTEK  650W 24/20P+CABO BIG',25,9,'PC',32.5,51);
INSERT INTO "produto" VALUES(24500,'FONTE * P4 * PIXXO 500W REAL PW-500 24P',48,13,'PC',62.4,26);
INSERT INTO "produto" VALUES(65010,'FONTE * P4 * PIXXO 650W REAL PG-650 24P+8',86,16,'PC',111.8,26);
INSERT INTO "produto" VALUES(82703,'FONTE * P4 * SATELITE 300W LC-8270BTX ',14,17,'PC',18.2,83);
INSERT INTO "produto" VALUES(7781,'FONTE * P4 * SATELITE 400W 545K8 20/24',36,19,'PC',46.8,83);
INSERT INTO "produto" VALUES(600,'FONTE * P4 * SATELITE 600W SL-8600EPS',80,1,'PC',104,83);
INSERT INTO "produto" VALUES(3711,'GAB. ATX P3/4 DR.HANK CP-9B63-CA 9B DUP.',69,14,'PC',89.7,22);
INSERT INTO "produto" VALUES(7504,'GAB. ATX P3/4 SATEL. 311KP ACRILICO NEGRO',50,2,'PC',65,64);
INSERT INTO "produto" VALUES(7624,'GAB. ATX P3/4 SATEL. X-BLADE NEGRO',56,2,'PC',72.8,64);
INSERT INTO "produto" VALUES(67506,'GAB/KIT P4 MTEK MT-7506 NEGRO/PLATA 4B ESPANHOL',43,11,'PC',55.9,51);
INSERT INTO "produto" VALUES(75114,'GAB/KIT P4 MTEK MT-7511 NEGRO 4B ABNT',42.5,18,'PC',55.25,51);
INSERT INTO "produto" VALUES(94511,'GAB/KIT P4 MTEK MT-7511 NEGRO 4B ESPANHOL',44,11,'PC',57.2,51);
INSERT INTO "produto" VALUES(67513,'GAB/KIT P4 MTEK MT-7513 NEGRO 4B ABNT',42,9,'PC',54.6,51);
INSERT INTO "produto" VALUES(31573,'GAB/KIT P4 MTEK MT-7513 NEGRO 4B ESPANHOL',43,1,'PC',55.9,51);
INSERT INTO "produto" VALUES(51758,'GAB/KIT P4 MTEK MT-7518 +MIC NEGRO/PLATA ABNT',42.5,17,'PC',55.25,51);
INSERT INTO "produto" VALUES(58157,'GAB/KIT P4 MTEK MT-7518 +MIC NEGRO/PLATA ESPAN',42.5,6,'PC',55.25,51);
INSERT INTO "produto" VALUES(81570,'GAB/KIT P4 MTEK MT-7518 NEGRO/PLATA 4B ESPANHOL',41,14,'PC',53.3,51);
INSERT INTO "produto" VALUES(75223,'GAB/KIT P4 MTEK MT-7522 NEGRO/PLATA 4B ABNT',43,9,'PC',55.9,51);
INSERT INTO "produto" VALUES(74158,'GAB/KIT P4 MTEK MT-7522 NEGRO/PLATA 4B ESPANHOL',43,0,'PC',55.9,51);
INSERT INTO "produto" VALUES(1927,'GAB/KIT P4 MTEK MT-927-3 NE/PLA MULT. ESPANHOL',44,15,'PC',57.2,51);
INSERT INTO "produto" VALUES(9633,'GAB/KIT P4 MTEK MT-927-3 NE/PLA MULTIMIDIA',45,19,'PC',58.5,51);
INSERT INTO "produto" VALUES(5397,'GAB/KIT P4 MTEK MT-932-1 NE/PLA ESPANHOL',42,13,'PC',54.6,51);
INSERT INTO "produto" VALUES(6583,'GAB/KIT P4 MTEK MT-932-1 NE/PLA MULTIMEDIA ',45,11,'PC',58.5,51);
INSERT INTO "produto" VALUES(26701,'GAB/KIT P4 PIXXO 2D67 NEGRO 4B ABNT',41,16,'PC',53.3,26);
INSERT INTO "produto" VALUES(82700,'GAB/KIT P4 PIXXO 8C27 NEGRO 2B ABNT',40,13,'PC',52,26);
INSERT INTO "produto" VALUES(65811,'GAB/KIT P4 PIXXO Y658 ACRILICO NEGRO 4B LEITOR ',63,13,'PC',81.9,26);
INSERT INTO "produto" VALUES(707,'GAB/KIT P4 SATEL. K0207P 4B NEGRO 4X1',44,14,'PC',57.2,64);
INSERT INTO "produto" VALUES(4207,'GAB/KIT P4 SATEL. K0207PES NEGRO ESPANOL',47,17,'PC',61.1,64);
INSERT INTO "produto" VALUES(3411,'GAB/KIT P4 SATEL. K311 4B NEGRO ESPANHOL',68,1,'PC',88.4,64);
INSERT INTO "produto" VALUES(7785,'GAB/KIT P4 SATEL. K311 4B NEGRO/ACRILICO',68,17,'PC',88.4,64);
INSERT INTO "produto" VALUES(62201,'GAB/KIT P4 SATEL. K622 3B NEGRO ',38,12,'PC',49.4,64);
INSERT INTO "produto" VALUES(3618,'GAB/KIT P4 SATEL. K631 4B NEGRO ',41,3,'PC',53.3,64);
INSERT INTO "produto" VALUES(4821,'GAB/KIT P4 SATEL. K631 4B NEGRO ESPANHOL',39,19,'PC',50.7,64);
INSERT INTO "produto" VALUES(63604,'GAB/KIT P4 SATEL. K636 4B NEGRO ',39,8,'PC',50.7,64);
INSERT INTO "produto" VALUES(64503,'GAB/KIT P4 SATEL. K645 3B NEGRO ',40,0,'PC',52,64);
INSERT INTO "produto" VALUES(33645,'GAB/KIT P4 SATEL. K645 3B NEGRO ESPANHOL',40,10,'PC',52,64);
INSERT INTO "produto" VALUES(1521,'GAV.EXT.USB CD/DVD/HD 5.25" SATEL.AX-521',26,15,'PC',33.8,64);
INSERT INTO "produto" VALUES(22263,'GAV.EXT.USB HD 2.5/3.5" SATA SATEL. AX-DK226 BLAN',26,14,'PC',33.8,64);
INSERT INTO "produto" VALUES(55226,'GAV.EXT.USB HD 2.5/3.5" SATA SATEL. AX-DK226 NEGR',26,4,'PC',33.8,64);
INSERT INTO "produto" VALUES(97351,'GAV.EXT.USB HD 3.5" SATA EN351K MTEK NEGRO',16,13,'PC',20.8,51);
INSERT INTO "produto" VALUES(44773,'GAV.EXT.USB HD 3.5" SATA SATEL. AX-321 ROJO',17,5,'PC',22.1,64);
INSERT INTO "produto" VALUES(321,'GAV.EXT.USB HD 3.5" SATA SATEL. AX-321B NEGRO',17,14,'PC',22.1,64);
INSERT INTO "produto" VALUES(93242,'GAV.EXT.USB HD 3.5" SATA SATEL. AX-324B NEGRO',30,14,'PC',39,64);
INSERT INTO "produto" VALUES(35324,'GAV.EXT.USB HD 3.5" SATA SATEL. AX-324S PLATA',28,3,'PC',36.4,64);
INSERT INTO "produto" VALUES(25141,'GAV.EXT.USB HD NB 2.5" IDE CRYPTONIX NEGRO',7,13,'PC',9.1,52);
INSERT INTO "produto" VALUES(3989,'GAV.EXT.USB HD NB 2.5" IDE CRYPTONIX PLATA',7,1,'PC',9.1,52);
INSERT INTO "produto" VALUES(3983,'GAV.EXT.USB HD NB 2.5" IDE DR.HANK AH-250A',9,5,'PC',11.7,22);
INSERT INTO "produto" VALUES(13725,'GAV.EXT.USB HD NB 2.5" SATA CRYPTONIX NEGRO',8.5,12,'PC',11.05,52);
INSERT INTO "produto" VALUES(42520,'GAV.EXT.USB HD NB 2.5" SATA CRYPTONIX PLATA',8.5,15,'PC',11.05,52);
INSERT INTO "produto" VALUES(25102,'GAV.EXT.USB HD NB 2.5" SATA DR.HANK.AH-2510 NEGRO',16,17,'PC',20.8,22);
INSERT INTO "produto" VALUES(12520,'GAV.EXT.USB HD NB 2.5" SATA DR.HANK.AH-2520 NEGRO',11,8,'PC',14.3,22);
INSERT INTO "produto" VALUES(62505,'GAV.EXT.USB HD NB 2.5" SATA INOVIA 2505B-SU PLATA',10.5,10,'PC',13.65,23);
INSERT INTO "produto" VALUES(72505,'GAV.EXT.USB HD NB 2.5" SATA INOVIA 2505SU PLATA',10.5,3,'PC',13.65,23);
INSERT INTO "produto" VALUES(42510,'GAV.EXT.USB HD NB 2.5" SATA INOVIA BT2510SU PLATA',11,6,'PC',14.3,23);
INSERT INTO "produto" VALUES(22511,'GAV.EXT.USB HD NB 2.5" SATA INOVIA BT2511SU PLATA',11,11,'PC',14.3,23);
INSERT INTO "produto" VALUES(25251,'GAV.EXT.USB HD NB 2.5" SATA MTEK EN251A PLATA',9.5,0,'PC',12.35,51);
INSERT INTO "produto" VALUES(34252,'GAV.EXT.USB HD NB 2.5" SATA MTEK EN252 NEGRO',9,18,'PC',11.7,51);
INSERT INTO "produto" VALUES(52912,'GAV.EXT.USB HD NB 2.5" SATA MTEK EN252R ROJO',9.5,15,'PC',12.35,51);
INSERT INTO "produto" VALUES(25901,'GAV.EXT.USB HD NB 2.5" SATA MTEK EN252W BLANCO',9.5,19,'PC',12.35,51);
INSERT INTO "produto" VALUES(25810,'GAV.EXT.USB HD NB 2.5" SATA SAMSUNG 8-810/S25011',14,7,'PC',18.2,11);
INSERT INTO "produto" VALUES(36023,'GAV.EXT.USB HD NB 2.5" SATA SAMSUNG AZUL',13.5,16,'PC',17.55,11);
INSERT INTO "produto" VALUES(42511,'GAV.EXT.USB HD NB 2.5" SATA SAMSUNG I NEGR SX3005',10,10,'PC',13,11);
INSERT INTO "produto" VALUES(62646,'GAV.EXT.USB HD NB 2.5" SATA SAMSUNG PLATA',13.5,10,'PC',17.55,11);
INSERT INTO "produto" VALUES(85260,'GAV.EXT.USB HD NB 2.5" SATA SAMSUNG VERDE',13.5,8,'PC',17.55,11);
INSERT INTO "produto" VALUES(40048,'GAV.EXT.USB HD NB 2.5" SATA SAMSUNG Z10 NEGRO ',14,5,'PC',18.2,11);
INSERT INTO "produto" VALUES(25224,'GAV.EXT.USB HD NB 2.5" SATA SATEL.AX-224 PLATA',12,4,'PC',15.6,64);
INSERT INTO "produto" VALUES(22259,'GAV.EXT.USB HD NB 2.5" SATA SATEL.AX-225 NEGRO',18,13,'PC',23.4,64);
INSERT INTO "produto" VALUES(22725,'GAV.EXT.USB HD NB 2.5" SATA SATEL.AX-227 NEGRO',9.5,18,'PC',12.35,64);
INSERT INTO "produto" VALUES(92278,'GAV.EXT.USB HD NB 2.5" SATA SATEL.AX-227 PLATA',9.5,10,'PC',12.35,64);
INSERT INTO "produto" VALUES(25228,'GAV.EXT.USB HD NB 2.5" SATA SATEL.AX-228 NEGRO',9.5,8,'PC',12.35,64);
INSERT INTO "produto" VALUES(14856,'GAV.EXT.USB HD NB 2.5" SHARK SK-BSATA25 AZUL',11,3,'PC',14.3,47);
INSERT INTO "produto" VALUES(20810,'GAV.EXT.USB HD NB 2.5" SHARK SK-BSATA25 BLANCO',11,7,'PC',14.3,47);
INSERT INTO "produto" VALUES(77892,'GPS BAK  BLUETOOTH 3-IN-1 (G)',24,8,'PC',31.2,10);
INSERT INTO "produto" VALUES(85236,'GPS BAK  TRAVEL HONEY 4-IN-1 (G)',21,19,'PC',27.3,10);
INSERT INTO "produto" VALUES(35091,'GPS BAK BK-GPS3509 3.5" EMBORR. C/ MAPA (G)',93,6,'PC',120.9,10);
INSERT INTO "produto" VALUES(43114,'GPS BAK BK-GPS4304 4.3" EMBORR. C/ MAPA (G)',95,5,'PC',123.5,10);
INSERT INTO "produto" VALUES(43056,'GPS BAK BK-GPS4305 4.3" EMBORR. C/ MAPA (G)',85,7,'PC',110.5,10);
INSERT INTO "produto" VALUES(43052,'GPS BAK BK-GPS4305 4.3" NEG./AZUL C/ MAPA (G)',85,15,'PC',110.5,10);
INSERT INTO "produto" VALUES(48435,'GPS BAK BK-GPS4305 4.3" NEG./NAR. C/ MAPA (G)',85,16,'PC',110.5,10);
INSERT INTO "produto" VALUES(14305,'GPS BAK BK-GPS4305 4.3" NEG./PLA. C/ MAPA (G)',85,10,'PC',110.5,10);
INSERT INTO "produto" VALUES(30543,'GPS BAK BK-GPS4305 4.3" NEG./ROJ. C/ MAPA (G)',85,2,'PC',110.5,10);
INSERT INTO "produto" VALUES(43068,'GPS BAK BK-GPS4306 4.3" EMBORR. C/ MAPA (G)',116,7,'PC',150.8,10);
INSERT INTO "produto" VALUES(14307,'GPS BAK BK-GPS4307 4.3" EMBORR. C/ MAPA (G)',121,11,'PC',157.3,10);
INSERT INTO "produto" VALUES(48011,'GPS BAK BK-GPS4801 4.8" 2G EMBORR. C/ MAPA (G)',94,1,'PC',122.2,10);
INSERT INTO "produto" VALUES(15002,'GPS BAK BK-GPS5001 5.0" EMBORR. C/ MAPA (G)',111,3,'PC',144.3,10);
INSERT INTO "produto" VALUES(50002,'GPS BAK BK-GPS5002 5.0" NEGRO. C/ MAPA (G)',120,10,'PC',156,10);
INSERT INTO "produto" VALUES(50061,'GPS BAK BK-GPS5006 5.0" 2G EMBORR. C/ MAPA (G)',99,8,'PC',128.7,10);
INSERT INTO "produto" VALUES(70017,'GPS BAK BK-GPS7001 7.0" FOSCO C/ MAPA (G)',156,19,'PC',202.8,10);
INSERT INTO "produto" VALUES(43292,'GPS MIDI MD-4329 2GB TV (B)',115,0,'PC',149.5,86);
INSERT INTO "produto" VALUES(10431,'GPS MOX MO-G431 4.3" SD BR/AR  (G)',95,19,'PC',123.5,67);
INSERT INTO "produto" VALUES(13924,'GPS MOX MO-G433 4.3" SD/BLUE BR/AR C/P (G)',93,8,'PC',120.9,67);
INSERT INTO "produto" VALUES(33503,'GPS NAVIGATION OR-G350M + MAPA P/ MOTO',200,6,'PC',260,53);
INSERT INTO "produto" VALUES(42013,'GPS NAVIGATION OR-G420 SLIM 4.3"+ MAPA AZUL',137,4,'PC',178.1,53);
INSERT INTO "produto" VALUES(42536,'GPS NAVIGATION OR-G420 SLIM 4.3"+ MAPA BLANCO',137,2,'PC',178.1,53);
INSERT INTO "produto" VALUES(88420,'GPS NAVIGATION OR-G420 SLIM 4.3"+ MAPA ROJO',137,5,'PC',178.1,53);
INSERT INTO "produto" VALUES(14420,'GPS NAVIGATION OR-G420T 4,3" + MAPA BLANCO',169,15,'PC',219.7,53);
INSERT INTO "produto" VALUES(42420,'GPS NAVIGATION OR-G420T 4,3" + MAPA ROJO',169,10,'PC',219.7,53);
INSERT INTO "produto" VALUES(80421,'GPS NAVIGATION OR-G421 SLIM 4.3" + SD MAPA AZUL',142,18,'PC',184.6,53);
INSERT INTO "produto" VALUES(77421,'GPS NAVIGATION OR-G421 SLIM 4.3" + SD MAPA BLANCO',142,9,'PC',184.6,53);
INSERT INTO "produto" VALUES(42110,'GPS NAVIGATION OR-G421 SLIM 4.3" + SD MAPA NEGRO',142,19,'PC',184.6,53);
INSERT INTO "produto" VALUES(89421,'GPS NAVIGATION OR-G421 SLIM 4.3" + SD MAPA ROJO',142,1,'PC',184.6,53);
INSERT INTO "produto" VALUES(19421,'GPS NAVIGATION OR-G421T 4.3" + SD MAPA AZUL',166,16,'PC',215.8,53);
INSERT INTO "produto" VALUES(42174,'GPS NAVIGATION OR-G421T 4.3" + SD MAPA BLANCO',166,10,'PC',215.8,53);
INSERT INTO "produto" VALUES(42198,'GPS NAVIGATION OR-G421T 4.3" + SD MAPA NEGRO',166,10,'PC',215.8,53);
INSERT INTO "produto" VALUES(28421,'GPS NAVIGATION OR-G421T 4.3" + SD MAPA ROJO',166,15,'PC',215.8,53);
INSERT INTO "produto" VALUES(50029,'GPS NAVIGATION OR-G500 SLIM 5.0" + MAPA',166,17,'PC',215.8,53);
INSERT INTO "produto" VALUES(51910,'GPS NAVIGATION OR-G501 5.0" SLIM+CAM RC21+MAPA',191,16,'PC',248.3,53);
INSERT INTO "produto" VALUES(50191,'GPS NAVIGATION OR-G501 SLIM 5.0" + MAPA',166,2,'PC',215.8,53);
INSERT INTO "produto" VALUES(52090,'GPS NAVIGATION OR-G520 SLIM 5.0" +  MAPA ROJO',166,13,'PC',215.8,53);
INSERT INTO "produto" VALUES(50255,'GPS NAVIGATION OR-G520 SLIM 5.0" + MAPA BLANCO',166,12,'PC',215.8,53);
INSERT INTO "produto" VALUES(95520,'GPS NAVIGATION OR-G520 SLIM 5.0" + MAPA NEGRO',166,13,'PC',215.8,53);
INSERT INTO "produto" VALUES(14525,'GPS NAVIGATION OR-G520 SLIM 5.0" MAPA AZUL',166,15,'PC',215.8,53);
INSERT INTO "produto" VALUES(77721,'GPS NAVIGATION OR-G777 7.0" + SD 2GB MAPA',198,0,'PC',257.4,53);
INSERT INTO "produto" VALUES(13135,'GPS SATELLITE A-GD31 3.5" MAPA (E)',83,4,'PC',107.9,27);
INSERT INTO "produto" VALUES(51531,'GPS SATELLITE A-GD31 3.5" MAPA (G)',85,16,'PC',110.5,27);
INSERT INTO "produto" VALUES(35232,'GPS SATELLITE A-GD32 3.5" MAPA (G)',70,3,'PC',91,27);
INSERT INTO "produto" VALUES(94390,'GPS SATELLITE A-GD43 4.3" MAPA (G)',88,15,'PC',114.4,27);
INSERT INTO "produto" VALUES(45115,'GPS SATELLITE A-GD45 4.3" MAPA (G)',90,5,'PC',117,27);
INSERT INTO "produto" VALUES(66032,'GPS TOMTOM GO630  C/MAPA + CAPA',193,16,'PC',250.9,85);
INSERT INTO "produto" VALUES(24704,'GRAV. DE VIDEO DIGITAL BAK PORTATIL 2.4" BK-V7000',53,4,'PC',68.9,10);
INSERT INTO "produto" VALUES(22246,'GRAV.DVD+RW ASUS IDE 22B2S NEGRO ',36,11,'PC',46.8,61);
INSERT INTO "produto" VALUES(13517,'GRAV.DVD+RW ASUS SATA DRW-24B1ST NEGRO',39,2,'PC',50.7,61);
INSERT INTO "produto" VALUES(10839,'GRAV.DVD+RW EXT USB ASUS SDRW-08D1S-U NEGRO',70,9,'PC',91,61);
INSERT INTO "produto" VALUES(44208,'GRAV.DVD+RW EXT USB LG GE20LU10 NEGRO',52,14,'PC',67.6,5);
INSERT INTO "produto" VALUES(82820,'GRAV.DVD+RW EXT USB LG GP08NU20 8X NEGRO',57,7,'PC',74.1,5);
INSERT INTO "produto" VALUES(20222,'GRAV.DVD+RW LG IDE GH22NP20 22X NEGRO',33,4,'PC',42.9,5);
INSERT INTO "produto" VALUES(40222,'GRAV.DVD+RW LG SATA GH22NS40 22X NEGRO S/ CABO',25,4,'PC',32.5,5);
INSERT INTO "produto" VALUES(78750,'GRAV.DVD+RW LG SATA GH22NS50 22X NEGRO OEM',24,6,'PC',31.2,5);
INSERT INTO "produto" VALUES(10118,'GRAV.DVD+RW PIONEER IDE DVR-118LBK NEGRO',36,13,'PC',46.8,84);
INSERT INTO "produto" VALUES(21822,'GRAV.DVD+RW PIONEER SATA DVR-218LBK NEGRO',35,4,'PC',45.5,84);
INSERT INTO "produto" VALUES(22393,'GRAV.DVD+RW SAMSUNG SATA SH-S223 NEGRO OEM',23.5,7,'PC',30.55,11);
INSERT INTO "produto" VALUES(12063,'HD EXT. USB 160GB LACIE 301206 SAFE BIOMETRIC (G)',112,9,'PC',145.6,54);
INSERT INTO "produto" VALUES(14953,'HD EXT. USB 2.5" 160GB SAMSUNG BLANCO',62.5,15,'PC',81.25,11);
INSERT INTO "produto" VALUES(14811,'HD EXT. USB 2.5" 160GB SAMSUNG ROJO',62.5,18,'PC',81.25,11);
INSERT INTO "produto" VALUES(21606,'HD EXT. USB 2.5" 160GB SAMSUNG ROSADO',62.5,5,'PC',81.25,11);
INSERT INTO "produto" VALUES(42582,'HD EXT. USB 2.5" 250GB SAMSUNG AZUL',65,13,'PC',84.5,11);
INSERT INTO "produto" VALUES(25056,'HD EXT. USB 2.5" 250GB SAMSUNG ROJO',65,14,'PC',84.5,11);
INSERT INTO "produto" VALUES(25525,'HD EXT. USB 2.5" 250GB SAMSUNG ROSADO',65,8,'PC',84.5,11);
INSERT INTO "produto" VALUES(19320,'HD EXT. USB 2.5" 320GB LACIE 301829 LITTLE DISK',103,6,'PC',133.9,54);
INSERT INTO "produto" VALUES(30189,'HD EXT. USB 2.5" 320GB LACIE STARCK 301891',96,6,'PC',124.8,54);
INSERT INTO "produto" VALUES(23320,'HD EXT. USB 2.5" 320GB LG HXD5U32PLS NEGRO',72,1,'PC',93.6,5);
INSERT INTO "produto" VALUES(10994,'HD EXT. USB 2.5" 320GB SAMSUNG AZUL',76,1,'PC',98.8,11);
INSERT INTO "produto" VALUES(48257,'HD EXT. USB 2.5" 320GB SAMSUNG BLANCO',78,6,'PC',101.4,11);
INSERT INTO "produto" VALUES(13242,'HD EXT. USB 2.5" 320GB SAMSUNG ROJO',74,6,'PC',96.2,11);
INSERT INTO "produto" VALUES(32015,'HD EXT. USB 2.5" 320GB SAMSUNG ROSADO',74,18,'PC',96.2,11);
INSERT INTO "produto" VALUES(42320,'HD EXT. USB 2.5" 320GB TRANSCEND TS320GSJ25M',82,10,'PC',106.6,56);
INSERT INTO "produto" VALUES(13895,'HD EXT. USB 2.5" 500GB LACIE PETIT 301895',125,2,'PC',162.5,54);
INSERT INTO "produto" VALUES(30182,'HD EXT. USB 2.5" 500GB LACIE STARCK 301892',140,3,'PC',182,54);
INSERT INTO "produto" VALUES(80103,'HD EXT. USB 2.5" 500GB LG HXD2U50PL ',92,13,'PC',119.6,5);
INSERT INTO "produto" VALUES(50082,'HD EXT. USB 2.5" 500GB SAMSUNG AZUL',95,18,'PC',123.5,11);
INSERT INTO "produto" VALUES(14831,'HD EXT. USB 2.5" 500GB SAMSUNG ROJO',95,17,'PC',123.5,11);
INSERT INTO "produto" VALUES(25505,'HD EXT. USB 2.5" 500GB SAMSUNG ROSADO',95,19,'PC',123.5,11);
INSERT INTO "produto" VALUES(21925,'HD EXT. USB 2.5" 500GB TRANSCEND TS500GSJ25M',100,7,'PC',130,56);
INSERT INTO "produto" VALUES(97060,'HD EXT. USB 2.5" 500GB VERBATIM 97060 NEGRO',90.5,2,'PC',117.65,55);
INSERT INTO "produto" VALUES(26482,'HD EXT. USB 2.5" 640GB SAMSUNG AZUL',118,4,'PC',153.4,11);
INSERT INTO "produto" VALUES(76493,'HD EXT. USB 2.5" 640GB SAMSUNG BLANCO',118,14,'PC',153.4,11);
INSERT INTO "produto" VALUES(16402,'HD EXT. USB 2.5" 640GB SAMSUNG CHOCOLATE',118,15,'PC',153.4,11);
INSERT INTO "produto" VALUES(69640,'HD EXT. USB 2.5" 640GB SAMSUNG NEGRO',118,9,'PC',153.4,11);
INSERT INTO "produto" VALUES(58046,'HD EXT. USB 2.5" 640GB SAMSUNG ROJO',118,1,'PC',153.4,11);
INSERT INTO "produto" VALUES(64064,'HD EXT. USB 2.5" 640GB SAMSUNG ROSADO',118,5,'PC',153.4,11);
INSERT INTO "produto" VALUES(16500,'HD EXT. USB 500GB LACIE 301114U D2 SAFE HD',179,4,'PC',232.7,54);
INSERT INTO "produto" VALUES(30370,'HD EXT. USB 500GB LACIE 301370 RUGGED',146,0,'PC',189.8,54);
INSERT INTO "produto" VALUES(30440,'HD EXT. USB 500GB LACIE 301440U D2 QUADRA',155,10,'PC',201.5,54);
INSERT INTO "produto" VALUES(10827,'HD EXT. USB-1.5TB SAMSUNG STORY-STATION',152,17,'PC',197.6,11);
INSERT INTO "produto" VALUES(72174,'HD EXT. USB-2TB LACIE 301898KUA GRAND',235,18,'PC',305.5,54);
INSERT INTO "produto" VALUES(2138,'HD IDE 120G SAMSUNG 5400 2M (B)',44,4,'PC',57.2,11);
INSERT INTO "produto" VALUES(9754,'HD IDE 160G SEAGATE 7200',49,1,'PC',63.7,58);
INSERT INTO "produto" VALUES(72250,'HD IDE 250G MAXTOR 7200 (B)',58,19,'PC',75.4,57);
INSERT INTO "produto" VALUES(25555,'HD IDE 250G SAMSUNG 5400 (B)',56,6,'PC',72.8,11);
INSERT INTO "produto" VALUES(4579,'HD IDE 400G SEAGATE 7200 (B)',62,8,'PC',80.6,58);
INSERT INTO "produto" VALUES(3766,'HD NB SATA 160G SAMSUNG 5400RPM',46,6,'PC',59.8,11);
INSERT INTO "produto" VALUES(9626,'HD NB SATA 250G SAMSUNG 5400RPM',52,4,'PC',67.6,11);
INSERT INTO "produto" VALUES(93241,'HD NB SATA2 SSD 32G CORSAIR 2.5" M32',170,8,'PC',221,50);
INSERT INTO "produto" VALUES(25464,'HD NB SATA2 SSD 64G CORSAIR 2.5" M64',238,12,'PC',309.4,50);
INSERT INTO "produto" VALUES(4727,'HD SATA2  80G MAXTOR 7200 *R',41,6,'PC',53.3,57);
INSERT INTO "produto" VALUES(3737,'HD SATA2 160G SAMSUNG 7200',41,17,'PC',53.3,11);
INSERT INTO "produto" VALUES(2515,'HD SATA2 160G SEAGATE 7200',39.5,17,'PC',51.35,58);
INSERT INTO "produto" VALUES(2504,'HD SATA2 250G SAMSUNG  7200',45,7,'PC',58.5,11);
INSERT INTO "produto" VALUES(8282,'HD SATA2 250G SEAGATE 7200',43,15,'PC',55.9,58);
INSERT INTO "produto" VALUES(22572,'HD SATA2 250G SEAGATE 7200 (B)',45,17,'PC',58.5,58);
INSERT INTO "produto" VALUES(52032,'HD SATA2 320G MAXTOR 7200 *R*',53,15,'PC',68.9,57);
INSERT INTO "produto" VALUES(6320,'HD SATA2 320G SEAGATE 7200',48,17,'PC',62.4,58);
INSERT INTO "produto" VALUES(4314,'HD SATA2 400G SAMSUNG 7200',63,1,'PC',81.9,11);
INSERT INTO "produto" VALUES(25008,'HD SATA2 500G SAMSUNG 5400',56,9,'PC',72.8,11);
INSERT INTO "produto" VALUES(5085,'HD SATA2 500G SAMSUNG 7200 16MB',56,13,'PC',72.8,11);
INSERT INTO "produto" VALUES(475,'HD SATA2 750G SAMSUNG 7200',81,11,'PC',105.3,11);
INSERT INTO "produto" VALUES(769,'HD SATA2 750G SEAGATE 7200',75,18,'PC',97.5,58);
INSERT INTO "produto" VALUES(21054,'HD SATA2-1000G SAMSUNG 5400 ',88,15,'PC',114.4,11);
INSERT INTO "produto" VALUES(525,'HD SATA2-1000G SAMSUNG 7200 ',92,11,'PC',119.6,11);
INSERT INTO "produto" VALUES(15032,'HD SATA2-1500G SAMSUNG 5400 32MB',116,13,'PC',150.8,11);
INSERT INTO "produto" VALUES(15732,'HD SATA2-1500G SEAGATE 7200 32MB',121,6,'PC',157.3,58);
INSERT INTO "produto" VALUES(20723,'HD SATA2-2000G SEAGATE 5900 32MB',199,17,'PC',258.7,58);
INSERT INTO "produto" VALUES(20164,'HUB  4P. USB 2.0 MICROFINS',3,6,'PC',3.9,45);
INSERT INTO "produto" VALUES(44206,'HUB  4P. USB 2.0 MOX MO-UH4',4,3,'PC',5.2,67);
INSERT INTO "produto" VALUES(42041,'HUB  4P. USB 2.0 PIXXO AH-U4S204 NEGRO',7,15,'PC',9.1,26);
INSERT INTO "produto" VALUES(21488,'HUB  4P. USB 2.0 X-TECH ROJO',7,13,'PC',9.1,59);
INSERT INTO "produto" VALUES(9431,'HUB  4P. USB ENCORE EXT. ENU-4USB',7,8,'PC',9.1,12);
INSERT INTO "produto" VALUES(12202,'HUB  4P. USB SATEL.MINI A-HUB01/02 2.0 NEGRO',5.5,14,'PC',7.15,64);
INSERT INTO "produto" VALUES(11320,'HUB  4P. USB SATEL.MINI A-HUB03 2.0  NEGRO',5,1,'PC',6.5,64);
INSERT INTO "produto" VALUES(8053,'HUB  4P. USB SATELLITE HUB05 2.0 NEGRO',8,17,'PC',10.4,27);
INSERT INTO "produto" VALUES(11137,'HUB  7P. USB 2.0 IHOME IH-U512SP ROSADO',38,6,'PC',49.4,90);
INSERT INTO "produto" VALUES(90800,'HUB  8P. ENCORE 10/100 MINI ENH908 BIVOLT',13,15,'PC',16.9,12);
INSERT INTO "produto" VALUES(52635,'HUB  8P. ENCORE 10/100/1000 ENHGS-800X3 SWITCH',44,4,'PC',57.2,12);
INSERT INTO "produto" VALUES(88442,'HUB  8P. KAIOMY 10/100 SWITCH-8PE BIVOLT',11,16,'PC',14.3,31);
INSERT INTO "produto" VALUES(83418,'HUB  8P. KAIOMY 10/100/1000 SWITCH-8PG3',38,11,'PC',49.4,31);
INSERT INTO "produto" VALUES(80100,'HUB  8P. SHARK 10/100 MINI EV-8B 110V NEGRO',10,1,'PC',13,47);
INSERT INTO "produto" VALUES(98254,'HUB  8P. TP-LINK 10/100 TL-SF1008D SWITCH',12,11,'PC',15.6,87);
INSERT INTO "produto" VALUES(16292,'HUB 16P. D-LINK 10/100 DSS-16+ SWITCH',49,3,'PC',63.7,21);
INSERT INTO "produto" VALUES(3030,'HUB 16P. ENCORE 10/100 ENH916 BIVOLT',25,1,'PC',32.5,12);
INSERT INTO "produto" VALUES(31682,'HUB 16P. SHARK 10/100 NEGRO BIVOLT',23,2,'PC',29.9,47);
INSERT INTO "produto" VALUES(16116,'HUB 16P. SHARK 10/100 PLATA BIVOLT',23,13,'PC',29.9,47);
INSERT INTO "produto" VALUES(20293,'HUB 16P. TP-LINK 10/100 TL-SF1016D SWITCH',24,12,'PC',31.2,87);
INSERT INTO "produto" VALUES(4291,'HUB 24+2P. ENCORE 10/100/1000 ENHGS-224 SWITCH',90,0,'PC',117,12);
INSERT INTO "produto" VALUES(2402,'HUB 24+2P. KAIOMY 10/100/1000 SWTA2402PR',83,9,'PC',107.9,31);
INSERT INTO "produto" VALUES(9605,'HUB 24P. D-LINK 10/100 DES-1024D SWICTH',64,3,'PC',83.2,21);
INSERT INTO "produto" VALUES(51026,'HUB 24P. D-LINK 10/100/1000 DES-1026G/A SWICTH',144,9,'PC',187.2,21);
INSERT INTO "produto" VALUES(2625,'HUB 24P. ENCORE 10/100 ENH924-AUT',45,2,'PC',58.5,12);
INSERT INTO "produto" VALUES(3538,'HUB 24P. KAIOMY 10/100 AC524/24PR-B',48,10,'PC',62.4,31);
INSERT INTO "produto" VALUES(10924,'HUB 24P. SHARK 10/100 NEGRO BIVOLT',43,16,'PC',55.9,47);
INSERT INTO "produto" VALUES(912,'HUB PRINT SERVER ENCORE ENPS-2012 1RJ45/2USB',62,19,'PC',80.6,12);
INSERT INTO "produto" VALUES(15470,'IMP  LEXMARK X5470 5X1 IMP/COP/SCA/FAX/FOTO',141,17,'PC',183.3,88);
INSERT INTO "produto" VALUES(982,'IMP BEMATECH 40C MP4000TH PARALELO',265,3,'PC',344.5,32);
INSERT INTO "produto" VALUES(12844,'IMP ELTRON ZEBRA 40C TLP-2844 PAR/USB BIVOLT',340,3,'PC',442,89);
INSERT INTO "produto" VALUES(893,'IMP EPSON FX-890 9P/680CPS/80COL USB PAR (110V)',360,13,'PC',468,28);
INSERT INTO "produto" VALUES(337,'IMP EPSON LX-300+II 9P/USB/PARAL/SERIAL/110V',194,16,'PC',252.2,28);
INSERT INTO "produto" VALUES(50161,'IMP EPSON STYLUS T50 PHOTO NEGRO CD/DVD',136,12,'PC',176.8,28);
INSERT INTO "produto" VALUES(13410,'IMP EPSON STYLUS TX410 IMP/COP/SCAN ',132,8,'PC',171.6,28);
INSERT INTO "produto" VALUES(22153,'IMP EPSON TM-U220PA-153 C/KIT PARALELO GRIS',280,18,'PC',364,28);
INSERT INTO "produto" VALUES(31535,'IMP SAMSUNG LASER COLOR CPL 315 RJ45',208,14,'PC',270.4,11);
INSERT INTO "produto" VALUES(31553,'IMP SAMSUNG LASER COLOR CPL 315W RJ45 WIRELESS',220,8,'PC',286,11);
INSERT INTO "produto" VALUES(40164,'IMP SAMSUNG LASER ML-1640',85,0,'PC',110.5,11);
INSERT INTO "produto" VALUES(19150,'IMP SAMSUNG LASER ML-1915',110,17,'PC',143,11);
INSERT INTO "produto" VALUES(43008,'IMP SAMSUNG LASER SCX-4300 IMP/SCAN/COP',145,12,'PC',188.5,11);
INSERT INTO "produto" VALUES(13183,'IPOD  32GB APPLE TOUCH A1318',345,14,'PC',448.5,7);
INSERT INTO "produto" VALUES(40332,'IPOD  64GB APPLE TOUCH 64G A1318',435,14,'PC',565.5,7);
INSERT INTO "produto" VALUES(25402,'JOYSTICK USB SATELITE JOYPAD A-HG540 NEGRO',7,16,'PC',9.1,83);
INSERT INTO "produto" VALUES(55255,'JOYSTICK USB SATELLITE A-HG550 NEGRO / AZUL',7,17,'PC',9.1,27);
INSERT INTO "produto" VALUES(56060,'JOYSTICK USB SATELLITE A-HG560 NEGRO',6,19,'PC',7.8,27);
INSERT INTO "produto" VALUES(20006,'JOYSTICK USB SATELLITE A-HG570 PLATA/NEGRO',12,1,'PC',15.6,27);
INSERT INTO "produto" VALUES(31210,'JOYSTICK USB X-TECH XT-NS3121 NEGRO',6,1,'PC',7.8,59);
INSERT INTO "produto" VALUES(47181,'JOYSTICK WIRELESS DR.HANK GP-204B NEGRO',25,16,'PC',32.5,22);
INSERT INTO "produto" VALUES(11580,'JOYSTICK WIRELESS SATELLITE A-HG580 NEGRO PS2+PC',16,9,'PC',20.8,27);
INSERT INTO "produto" VALUES(11241,'LASER INFRA VERM. iHOME 2.4GHZ BLANCO ',59,19,'PC',76.7,90);
INSERT INTO "produto" VALUES(11236,'LASER INFRA VERM. iHOME 2.4GHZ NEGRO',58,4,'PC',75.4,90);
INSERT INTO "produto" VALUES(12242,'LASER INFRA VERM. INFINITER 2.4G LR12 (G)',35,17,'PC',45.5,91);
INSERT INTO "produto" VALUES(63602,'LASER INFRA VERM. TARGUS 2.4G AMP02US (B)',41,15,'PC',53.3,60);
INSERT INTO "produto" VALUES(22037,'LASER INFRA VERM. TARGUS 2.4G AMP03US (B)',43,19,'PC',55.9,60);
INSERT INTO "produto" VALUES(26351,'LASER INFRA VERM. TARGUS 2.4G AMP09US (B)',48,10,'PC',62.4,60);
INSERT INTO "produto" VALUES(85621,'LASER INFRA VERM. TARGUS 2.4G AMP18US (B)',33,4,'PC',42.9,60);
INSERT INTO "produto" VALUES(51445,'LEITOR MULTIMIDIA FLASH PLAYER TVD902E (B)',39,0,'PC',50.7,86);
INSERT INTO "produto" VALUES(1791,'MB AMD64 SAM2 FOXCONN C51XEM2AA SLI SATA2 S/R',155,16,'PC',201.5,39);
INSERT INTO "produto" VALUES(78070,'MB AMD64 SAM2+ ECS A780GM-M3 VGA/DVI S/V/R',61,15,'PC',79.3,39);
INSERT INTO "produto" VALUES(94015,'MB AMD64 SAM2+ PCCHIPS A15G+ S/V/R SATA',46,11,'PC',59.8,39);
INSERT INTO "produto" VALUES(75082,'MB AMD64 SAM2+ XFX 750a VGA GF8200 HDMI S/V/R',113,1,'PC',146.9,39);
INSERT INTO "produto" VALUES(78209,'MB AMD64 SAM2+ XFX GF8200 HDMI S/V/R',85,11,'PC',110.5,39);
INSERT INTO "produto" VALUES(34783,'MB AMD64 SAM3 ASUS M4A78T-E S/V/R DDR3',140,9,'PC',182,39);
INSERT INTO "produto" VALUES(14479,'MB AMD64 SAM3 ASUS M4A79T DELUXE S/R',205,1,'PC',266.5,39);
INSERT INTO "produto" VALUES(46810,'MB AMD64 SAM3 ASUS M4N68T-M LE S/V/R',58,13,'PC',75.4,39);
INSERT INTO "produto" VALUES(33189,'MB P4 775P 1333M ASROCK G31M-VS S/V/R',44,11,'PC',57.2,92);
INSERT INTO "produto" VALUES(20439,'MB P4 775P 1333M INTEL DG41TY DVI S/V/R',79,2,'PC',102.7,40);
INSERT INTO "produto" VALUES(43961,'MB P4 775P 1333M INTEL DG43NB DVI S/V/R',105,17,'PC',136.5,40);
INSERT INTO "produto" VALUES(47775,'MB P4 775P 1333M PCCHIPS P47G S/V/R',39,19,'PC',50.7,93);
INSERT INTO "produto" VALUES(75166,'MB P4 775P 1600M ASUS P5KPL-AM SE S/V/R (B)',64,15,'PC',83.2,61);
INSERT INTO "produto" VALUES(18165,'MB P7 1156P 4.8GT/S ASUS MAXIMUS III FORM. S/R',260,19,'PC',338,61);
INSERT INTO "produto" VALUES(83934,'MB P7 1156P 4.8GT/S ASUS MAXIMUS III GENE S/R',215,6,'PC',279.5,61);
INSERT INTO "produto" VALUES(75592,'MB P7 1156P 4.8GT/S ASUS P7P55D DELUXE i7 S/R',220,17,'PC',286,61);
INSERT INTO "produto" VALUES(21111,'MEM EXT.  2GB DANE ELEC AZUL',8.5,7,'PC',11.05,95);
INSERT INTO "produto" VALUES(42727,'MEM EXT.  2GB DANE ELEC NEGRO',8,19,'PC',10.4,95);
INSERT INTO "produto" VALUES(12291,'MEM EXT.  2GB DANE ELEC ROJO',8.5,0,'PC',11.05,95);
INSERT INTO "produto" VALUES(673,'MEM EXT.  2GB KINGSTON DTI BLANCO (E)',9,5,'PC',11.7,96);
INSERT INTO "produto" VALUES(27848,'MEM EXT.  2GB SANDISK SDCZ50 CRUZER BLADE (E)',8,9,'PC',10.4,17);
INSERT INTO "produto" VALUES(20912,'MEM EXT.  2GB TRANSCEND JF220 NEGRO  FINGERPRINT',17.5,5,'PC',22.75,56);
INSERT INTO "produto" VALUES(12331,'MEM EXT.  2GB TRANSCEND T3K MICRO SLIN NEGRO',11,4,'PC',14.3,56);
INSERT INTO "produto" VALUES(13231,'MEM EXT.  2GB TRANSCEND T3W MICRO SLIN BLANCO',11,0,'PC',14.3,56);
INSERT INTO "produto" VALUES(14025,'MEM EXT.  2GB TRANSCEND T5T MINI NARANJADO',12,3,'PC',15.6,56);
INSERT INTO "produto" VALUES(11535,'MEM EXT.  2GB TRANSCEND V30 NEGRO',11,11,'PC',14.3,56);
INSERT INTO "produto" VALUES(18923,'MEM EXT.  2GB TRANSCEND V35 AZUL',9,12,'PC',11.7,56);
INSERT INTO "produto" VALUES(12851,'MEM EXT.  2GB TRANSCEND V85 PLATA',14,15,'PC',18.2,56);
INSERT INTO "produto" VALUES(90235,'MEM EXT.  2GB TRANSCEND V90C CLASSIC',13,10,'PC',16.9,56);
INSERT INTO "produto" VALUES(86074,'MEM EXT.  4GB TRANSCEND JF220 NEGRO  FINGERPRINT',24,14,'PC',31.2,56);
INSERT INTO "produto" VALUES(70785,'MEM EXT.  4GB TRANSCEND V70 LILA',20,5,'PC',26,56);
INSERT INTO "produto" VALUES(14850,'MEM EXT.  4GB TRANSCEND V85 PLATA',19,7,'PC',24.7,56);
INSERT INTO "produto" VALUES(16325,'MEM EXT. 16GB DANE ELEC NEGRO',38,8,'PC',49.4,95);
INSERT INTO "produto" VALUES(38232,'MEM EXT. 32GB SANDISK SDCZ36 CRUZER NEGRO',65,14,'PC',84.5,17);
INSERT INTO "produto" VALUES(9395,'MEM NB DDR  512MB 266MHZ PC2100 CORSAIR',27,5,'PC',35.1,50);
INSERT INTO "produto" VALUES(8664,'MEM NB DDR  512MB 333MHZ PC2700 CORSAIR',27,19,'PC',35.1,50);
INSERT INTO "produto" VALUES(8247,'MEM NB DDR  512MB 400MHZ PC3200 CORSAIR',27,18,'PC',35.1,50);
INSERT INTO "produto" VALUES(5386,'MEM NB DDR 1024MB 333MHZ PC2700 CORSAIR',53,13,'PC',68.9,50);
INSERT INTO "produto" VALUES(4682,'MEM NB DDR 1024MB 400MHZ PC3200 CORSAIR',53,6,'PC',68.9,50);
INSERT INTO "produto" VALUES(9346,'MEM NB DDR2  256MB 533MHZ CORSAIR',4.5,13,'PC',5.85,50);
INSERT INTO "produto" VALUES(9894,'MEM NB DDR2  256MB 533MHZ KINGSTON',6,5,'PC',7.8,96);
INSERT INTO "produto" VALUES(3727,'MEM NB DDR2  512MB 667MHZ CORSAIR',7.5,7,'PC',9.75,50);
INSERT INTO "produto" VALUES(1552,'MEM NB DDR2  512MB 667MHZ KINGSTON',6,3,'PC',7.8,96);
INSERT INTO "produto" VALUES(776,'MEM NB DDR2  512MB 667MHZ MARKVISION',6,14,'PC',7.8,63);
INSERT INTO "produto" VALUES(167,'MEM NB DDR2  512MB 667MHZ PQI',6,15,'PC',7.8,15);
INSERT INTO "produto" VALUES(5036,'MEM NB DDR2  512MB 667MHZ SAMSUNG',6,10,'PC',7.8,11);
INSERT INTO "produto" VALUES(522,'MEM NB DDR2  512MB 800MHZ MARKVISION',6,9,'PC',7.8,63);
INSERT INTO "produto" VALUES(800,'MEM NB DDR2  512MB 800MHZ SAMSUNG',6,17,'PC',7.8,11);
INSERT INTO "produto" VALUES(3616,'MEM NB DDR2 1024MB 667MHZ CORSAIR',27,1,'PC',35.1,50);
INSERT INTO "produto" VALUES(8667,'MEM NB DDR2 1024MB 667MHZ ORIGINAL (ACER)',20,10,'PC',26,62);
INSERT INTO "produto" VALUES(799,'MEM NB DDR2 1024MB 800MHZ CORSAIR',27,11,'PC',35.1,50);
INSERT INTO "produto" VALUES(80026,'MEM NB DDR2 1024MB 800MHZ KINGSTON',23.5,6,'PC',30.55,96);
INSERT INTO "produto" VALUES(2452,'MEM NB DDR2 2048MB 667MHZ CORSAIR',60,3,'PC',78,50);
INSERT INTO "produto" VALUES(28980,'MEM NB DDR2 2048MB 800MHZ CORSAIR',54,16,'PC',70.2,50);
INSERT INTO "produto" VALUES(20488,'MEM NB DDR2 2048MB 800MHZ KINGSTON',56,17,'PC',72.8,96);
INSERT INTO "produto" VALUES(13272,'MEM NB DDR2 4096MB 800MHZ CORSAIR',204,13,'PC',265.2,50);
INSERT INTO "produto" VALUES(80020,'MEM NB DDR2 4096MB 800MHZ KIT 2GBX2 CORSAIR',100,6,'PC',130,50);
INSERT INTO "produto" VALUES(10663,'MEM NB DDR3 2048MB 1066MHZ CORSAIR',64,12,'PC',83.2,50);
INSERT INTO "produto" VALUES(23133,'MEM NB DDR3 2048MB 1333MHZ CORSAIR',69,5,'PC',89.7,50);
INSERT INTO "produto" VALUES(15115,'MIC. COM PEDESTAL BAK BK-15 PLATA',4,16,'PC',5.2,10);
INSERT INTO "produto" VALUES(11011,'MIC. E FONE BAK BK-111 NEGRO/AZUL',4,19,'PC',5.2,10);
INSERT INTO "produto" VALUES(13113,'MIC. E FONE BAK BK-13 NEGRO ',4,2,'PC',5.2,10);
INSERT INTO "produto" VALUES(80167,'MIC. E FONE BAK BK-16M PLATA',5,9,'PC',6.5,10);
INSERT INTO "produto" VALUES(16216,'MIC. E FONE BAK BK-16M ROJO',5,5,'PC',6.5,10);
INSERT INTO "produto" VALUES(17117,'MIC. E FONE BAK BK-17M NEGRO',4,6,'PC',5.2,10);
INSERT INTO "produto" VALUES(83403,'MIC. E FONE BAK BK-340 NEGRO',6,13,'PC',7.8,10);
INSERT INTO "produto" VALUES(13401,'MIC. E FONE BAK BK-340 PLATA',6,15,'PC',7.8,10);
INSERT INTO "produto" VALUES(23401,'MIC. E FONE BAK BK-370 NEGRO O GRIS',7,13,'PC',9.1,10);
INSERT INTO "produto" VALUES(10471,'MINI MASSAGEADOR BAK BK-100M AZUL',8,9,'PC',10.4,10);
INSERT INTO "produto" VALUES(18781,'MINI MASSAGEADOR BAK BK-100M BLANCO',7,0,'PC',9.1,10);
INSERT INTO "produto" VALUES(18849,'MINI MASSAGEADOR BAK BK-100M NEGRO',6,10,'PC',7.8,10);
INSERT INTO "produto" VALUES(18838,'MINI MASSAGEADOR BAK BK-100M ROJO',6,16,'PC',7.8,10);
INSERT INTO "produto" VALUES(13926,'MINI MASSAGEADOR BAK BK-100M ROSA',6,13,'PC',7.8,10);
INSERT INTO "produto" VALUES(2358,'MOFAX 56K PCI KAIOMY AGERE S/VOICE BOX',5.5,0,'PC',7.15,31);
INSERT INTO "produto" VALUES(10211,'MOFAX ADSL LOOPCOMN LP-AL2011P 1P 220V BLANCO (B)',13,12,'PC',16.9,97);
INSERT INTO "produto" VALUES(38141,'MOFAX ADSL LOOPCOMN LP-AL2011P 1P 220V NEGRO (B)',13,9,'PC',16.9,97);
INSERT INTO "produto" VALUES(24422,'MOFAX ADSL ROUTER ENCORE ENDSL-A2+4R2',21.5,11,'PC',27.95,12);
INSERT INTO "produto" VALUES(48840,'MOFAX ADSL2+ ROUTER TP-LINK TD-8840 4P',26,11,'PC',33.8,87);
INSERT INTO "produto" VALUES(28810,'MOFAX ADSL2+ TP-LINK TD-8810',23,2,'PC',29.9,87);
INSERT INTO "produto" VALUES(88166,'MOFAX ADSL2+ TP-LINK TD-8816 1P',18,10,'PC',23.4,87);
INSERT INTO "produto" VALUES(24128,'MOFAX ADSL2+R KAIOMY 550B-4P2 4P NEGRO',35,6,'PC',45.5,31);
INSERT INTO "produto" VALUES(23201,'MOFAX ADSL2/2+ D-LINK DSL-2320B ',40,14,'PC',52,21);
INSERT INTO "produto" VALUES(85025,'MOFAX ADSL2/2+ D-LINK DSL-500B GII NEGRO',28,2,'PC',36.4,21);
INSERT INTO "produto" VALUES(66034,'MON  9" MTEK MT0910 MONOCROME "BLANCO Y NEGRO"',29.5,8,'PC',38.35,51);
INSERT INTO "produto" VALUES(15353,'MON LCD 15" ACER X153W WIDESCREEN NEGRO',116,8,'PC',150.8,62);
INSERT INTO "produto" VALUES(21552,'MON LCD 15" BENQ T52WA NEGRO WIDESCREEN',116,8,'PC',150.8,18);
INSERT INTO "produto" VALUES(51115,'MON LCD 15.4" KAIOMY 511W WIDE NEGRO',102,15,'PC',132.6,31);
INSERT INTO "produto" VALUES(52236,'MON LCD 15.6" AOC 1619SW NEGRO WIDE RECONDICIONAD',100,19,'PC',130,41);
INSERT INTO "produto" VALUES(278,'MON LCD 15.6" AOC 1619SW NEGRO WIDESCREEN',112,13,'PC',145.6,41);
INSERT INTO "produto" VALUES(11734,'MON LCD 17" LG L1734S NEGRO',127,5,'PC',165.1,5);
INSERT INTO "produto" VALUES(10931,'MON LCD 18.5" AOC 931SWL NEGRO/PIANO WIDESCREEN',133,3,'PC',172.9,41);
INSERT INTO "produto" VALUES(19185,'MON LCD 18.5" AOC F19S NEGRO PIANO WIDE',133,1,'PC',172.9,41);
INSERT INTO "produto" VALUES(19438,'MON LCD 18.5" LG W1943S WIDE NEGRO',133,13,'PC',172.9,5);
INSERT INTO "produto" VALUES(93319,'MON LCD 18.5" SAMSUNG 933SN WIDE NEGRO',139,9,'PC',180.7,11);
INSERT INTO "produto" VALUES(18943,'MON LCD 18.5" SAMSUNG 943SNX PLUS WIDE NEGRO',135,11,'PC',175.5,11);
INSERT INTO "produto" VALUES(18519,'MON LCD 18.5" SAMSUNG B1930N WIDE NEGRO',138,3,'PC',179.4,11);
INSERT INTO "produto" VALUES(11193,'MON LCD 19" ACER X193W NEGRO WIDE NEW ',136,6,'PC',176.8,62);
INSERT INTO "produto" VALUES(12036,'MON LCD 20" AOC 2036S NEGRO PIANO CLASS+USB WIDE',143,14,'PC',185.9,41);
INSERT INTO "produto" VALUES(20043,'MON LCD 20" LG W2043S PF NEGRO WIDE',150,5,'PC',195,5);
INSERT INTO "produto" VALUES(13222,'MON LCD 21.5" AOC F22S NEGRO/PIANO WIDE VGA',163,4,'PC',211.9,41);
INSERT INTO "produto" VALUES(22431,'MON LCD 21.5" LG W2243S FLATRON NEGRO WIDE',170,1,'PC',221,5);
INSERT INTO "produto" VALUES(23303,'MON LCD 23" AOC 2330V WIDE NEGRO',200,17,'PC',260,41);
INSERT INTO "produto" VALUES(32350,'MON LCD 23" SAMSUNG P2350N WIDE',222,5,'PC',288.6,11);
INSERT INTO "produto" VALUES(93619,'MON LCD LED 18.5" AOC E936VW NEG/PIANO WIDE USB',152,0,'PC',197.6,41);
INSERT INTO "produto" VALUES(22362,'MON LCD LED 21.5" AOC E2236VW NEG/PIANO WIDE USB',188,9,'PC',244.4,41);
INSERT INTO "produto" VALUES(23701,'MON LCD LED 23" SAMSUNG XL2370 WIDE HDMI/DVI NEGR',360,15,'PC',468,11);
INSERT INTO "produto" VALUES(19931,'MON TV 19" AOC LCD L19W931 NEGRO',206,12,'PC',267.8,41);
INSERT INTO "produto" VALUES(56321,'MON TV 19" FUJILINK LCD  VGA/SV NEGRO WIDE ',182,1,'PC',236.6,69);
INSERT INTO "produto" VALUES(22931,'MON TV 22" AOC LCD L22W931 NEGRO HDMI',280,18,'PC',364,41);
INSERT INTO "produto" VALUES(11478,'MON TV 23" LG LCD M237WA NEGRO WIDES',338,2,'PC',439.4,5);
INSERT INTO "produto" VALUES(26931,'MON TV 26" AOC LCD L26W931 NEGRO',370,7,'PC',481,41);
INSERT INTO "produto" VALUES(32931,'MON TV 32" AOC LCD L32W931 NEGRO',480,12,'PC',624,41);
INSERT INTO "produto" VALUES(32053,'MON TV 32" SAMSUNG LCD LN32B350 2HDMI/SRSHD',550,5,'PC',715,11);
INSERT INTO "produto" VALUES(23550,'MON TV 32" SAMSUNG LCD LN32B550 4HDMI/HDFULL',710,16,'PC',923,11);
INSERT INTO "produto" VALUES(83111,'MOUSE S/F DR.HANK MR-831J-GPEF GRIS/PLATA',20,19,'PC',26,22);
INSERT INTO "produto" VALUES(22832,'MOUSE S/F DR.HANK MR-832B-GPX1 NEGRO',23,2,'PC',29.9,22);
INSERT INTO "produto" VALUES(17832,'MOUSE S/F DR.HANK MR-832C-GPX1 DOURADO/NEGRO',23,6,'PC',29.9,22);
INSERT INTO "produto" VALUES(10115,'MOUSE S/F IHOME IH-M115WW BLANCO OPTICO',32,15,'PC',41.6,90);
INSERT INTO "produto" VALUES(11049,'MOUSE S/F IHOME IH-M179ZW BLANCO OPTICO',41,2,'PC',53.3,90);
INSERT INTO "produto" VALUES(18320,'MOUSE S/F LG CM-320 ROJO/NEGRO OPTICO',22,6,'PC',28.6,5);
INSERT INTO "produto" VALUES(24900,'MOUSE S/F LG CM-900 NEGRO/BLANCO OPTICO',26,2,'PC',33.8,5);
INSERT INTO "produto" VALUES(34700,'MOUSE S/F MAXELL LASER MOWL-220 BLANCO/PLATA (B)',28,5,'PC',36.4,36);
INSERT INTO "produto" VALUES(87774,'MOUSE S/F MAXELL NANO MOWL-230 AZUL/NEGRO (B)',29,2,'PC',37.7,36);
INSERT INTO "produto" VALUES(87798,'MOUSE S/F MAXELL NANO MOWL-230 NEGRO/GRIS (B)',29,10,'PC',37.7,36);
INSERT INTO "produto" VALUES(34701,'MOUSE S/F MAXELL NANO MOWL-230 NEGRO/NARANJADO (B)',30,16,'PC',39,36);
INSERT INTO "produto" VALUES(48702,'MOUSE S/F MAXELL PRESENTER NEGRO (B)',45,12,'PC',58.5,36);
INSERT INTO "produto" VALUES(63015,'MOUSE S/F MICROSOFT 63A-00001 LASER 5000 NEGRO',44,11,'PC',57.2,65);
INSERT INTO "produto" VALUES(13591,'MOUSE S/F MICROSOFT 6BA-00001 3000 BLANCO/NEGRO',37,15,'PC',48.1,65);
INSERT INTO "produto" VALUES(13522,'MOUSE S/F MICROSOFT 6BA-00022 3000 VERDE/NEGRO',36,15,'PC',46.8,65);
INSERT INTO "produto" VALUES(13590,'MOUSE S/F MICROSOFT 6BA-00023 3000 AZUL/NEGRO',33,17,'PC',42.9,65);
INSERT INTO "produto" VALUES(13524,'MOUSE S/F MICROSOFT 6BA-00024 3000 ROJO/NEGRO',36,10,'PC',46.8,65);
INSERT INTO "produto" VALUES(15926,'MOUSE S/F MICROSOFT 6BA-00026 3000 LILA/NEGRO',36,17,'PC',46.8,65);
INSERT INTO "produto" VALUES(14098,'MOUSE S/F MICROSOFT B5W-00001 LASER 6000 PLATA',46,17,'PC',59.8,65);
INSERT INTO "produto" VALUES(11221,'MOUSE S/F MICROSOFT BNA-00001 LASER 7000 PLATA',50,17,'PC',65,65);
INSERT INTO "produto" VALUES(30031,'MOUSE S/F MICROSOFT BX3-00031 3000 ROJO ',35,0,'PC',45.5,65);
INSERT INTO "produto" VALUES(10332,'MOUSE S/F MICROSOFT BX3-00032 3000 VERDE/NEGRO',36,3,'PC',46.8,65);
INSERT INTO "produto" VALUES(33300,'MOUSE S/F MICROSOFT BX3-00033 3000 MARRON/NEGRO',36,1,'PC',46.8,65);
INSERT INTO "produto" VALUES(13595,'MOUSE S/F MICROSOFT BX3-00034 3000 ROSADO/NEGRO',36,2,'PC',46.8,65);
INSERT INTO "produto" VALUES(33500,'MOUSE S/F MICROSOFT BX3-00035 3000 CREMA/NEGRO',39,18,'PC',50.7,65);
INSERT INTO "produto" VALUES(80038,'MOUSE S/F MICROSOFT K80-00038 3000 CINZA/NEGRO',50,4,'PC',65,65);
INSERT INTO "produto" VALUES(70013,'MOUSE S/F MICROSOFT KXA-00001 LASER 7000 NEGRO',77,18,'PC',100.1,65);
INSERT INTO "produto" VALUES(55001,'MOUSE S/F MICROSOFT MGC-00001 5000 BLUETRACK ',50,14,'PC',65,65);
INSERT INTO "produto" VALUES(11349,'MOUSE S/F MICROSOFT ZJA-00002 ARC ROJO',57,17,'PC',74.1,65);
INSERT INTO "produto" VALUES(13423,'MOUSE S/F MICROSOFT ZJA-00023 ARC LILA',57,10,'PC',74.1,65);
INSERT INTO "produto" VALUES(11350,'MOUSE S/F MICROSOFT ZJA-00024 ARC AZUL ',57,17,'PC',74.1,65);
INSERT INTO "produto" VALUES(63205,'MOUSE S/F MICROSOFT ZJA-00025 ARC VERDE',57,15,'PC',74.1,65);
INSERT INTO "produto" VALUES(13260,'MOUSE S/F MICROSOFT ZJA-00046 ARC BLANCO',57,6,'PC',74.1,65);
INSERT INTO "produto" VALUES(9990,'MOUSE S/F MTEK B107 NEGRO OPT.USB',19.5,11,'PC',25.35,51);
INSERT INTO "produto" VALUES(9992,'MOUSE S/F MTEK B108 NEGRO/GRAF WIRELESS',16,19,'PC',20.8,51);
INSERT INTO "produto" VALUES(9991,'MOUSE S/F MTEK B108 NEGRO/PLAT WIRELESS',13.75,1,'PC',17.88,51);
INSERT INTO "produto" VALUES(1069,'MOUSE S/F MTEK B110 NEGRO/PLAT WIRELESS',17,2,'PC',22.1,51);
INSERT INTO "produto" VALUES(12224,'MOUSE S/F MTEK BLUETOOTH B122BT MINI P/NB NEGRO',29,10,'PC',37.7,51);
INSERT INTO "produto" VALUES(90212,'MOUSE S/F MTEK L212 BLUETOOTH 5B NEGRO',27,6,'PC',35.1,51);
INSERT INTO "produto" VALUES(42680,'MOUSE S/F NATIVA NSMS-80 NEGRO',11,5,'PC',14.3,25);
INSERT INTO "produto" VALUES(66040,'MOUSE PAD URSINHO POOH (G)',8,19,'PC',10.4,102);
INSERT INTO "produto" VALUES(12922,'MOUSE U+P SATEL. A-22 OPTICO PLATEADO',8,9,'PC',10.4,64);
INSERT INTO "produto" VALUES(9542,'MOUSE U+P SATEL. A-23 OPTICO NEGRO',8.5,13,'PC',11.05,64);
INSERT INTO "produto" VALUES(9546,'MOUSE U+P SATEL. A-23 OPTICO PLATEADO',8.5,8,'PC',11.05,64);
INSERT INTO "produto" VALUES(23521,'MOUSE U+P SATEL. A-23 OPTICO ROJO',10,13,'PC',13,64);
INSERT INTO "produto" VALUES(5670,'MOUSE U+P SATEL. A9 MINI NEGRO OPTIC',7,11,'PC',9.1,64);
INSERT INTO "produto" VALUES(4271,'MOUSE U+P SATEL. A9 MINI SILVER OPTI',7.5,3,'PC',9.75,64);
INSERT INTO "produto" VALUES(55005,'MOUSE USB BAK BK-MX500 NEGRO FIO RETRATIL',7,10,'PC',9.1,10);
INSERT INTO "produto" VALUES(68108,'MOUSE USB DR.HANK MO-108R-PX1B MINI NEGRO',7,0,'PC',9.1,22);
INSERT INTO "produto" VALUES(30608,'MOUSE USB DR.HANK MO-108R-PX1C MINI DOURADO',6,5,'PC',7.8,22);
INSERT INTO "produto" VALUES(88103,'MOUSE USB DR.HANK MO-108R-PX1E MINI ROJO',6,8,'PC',7.8,22);
INSERT INTO "produto" VALUES(28874,'MOUSE USB DR.HANK MO-108R-PX1P MINI ROSADO',6,11,'PC',7.8,22);
INSERT INTO "produto" VALUES(11717,'MOUSE USB DR.HANK MO-117U-GX1B NEGRO',6.5,5,'PC',8.45,22);
INSERT INTO "produto" VALUES(25330,'MOUSE USB DR.HANK MO-253R-PX1E MINI ROJO',6,10,'PC',7.8,22);
INSERT INTO "produto" VALUES(13351,'MOUSE USB DR.HANK MO-351B-UPX1 NEGRO',8,13,'PC',10.4,22);
INSERT INTO "produto" VALUES(12529,'MOUSE USB DR.HANK MO-529B-UPX1 NEGRO/PLATA',11,15,'PC',14.3,22);
INSERT INTO "produto" VALUES(52930,'MOUSE USB DR.HANK MO-529H-UPX1 NEGRO/VERDE',11,16,'PC',14.3,22);
INSERT INTO "produto" VALUES(3496,'MOUSE USB DR.HANK MS-N53U S1KK/P1KK BLANCO',6.5,19,'PC',8.45,22);
INSERT INTO "produto" VALUES(303,'MOUSE USB FALCON 3D PLATA/BLANCO',308,15,'PC',400.4,98);
INSERT INTO "produto" VALUES(40410,'MOUSE USB LG XM-410 3D NEGRO OPTICO',10,17,'PC',13,5);
INSERT INTO "produto" VALUES(47900,'MOUSE USB LG XM-900 TOUCH SCROLL BLANCO/GRIS',20,7,'PC',26,5);
INSERT INTO "produto" VALUES(48734,'MOUSE USB MAXELL TRAVEL NEGRO (B)',14,3,'PC',18.2,36);
INSERT INTO "produto" VALUES(70935,'MOUSE USB MICROSOFT ARB-00001 X5 SIDEWINDER',57,16,'PC',74.1,65);
INSERT INTO "produto" VALUES(25001,'MOUSE USB MICROSOFT B2J-00001 3000 GRIS',28,12,'PC',36.4,65);
INSERT INTO "produto" VALUES(50708,'MOUSE USB MICROSOFT HKA-00001 SIDEWINDER ',77,13,'PC',100.1,65);
INSERT INTO "produto" VALUES(9988,'MOUSE USB MTEK B130 NEGRO/PLATA OPT.',5.75,5,'PC',7.48,51);
INSERT INTO "produto" VALUES(9989,'MOUSE USB MTEK B130 PLATA/NEGRO OPT.',5.75,5,'PC',7.48,51);
INSERT INTO "produto" VALUES(19797,'MOUSE USB MTEK B197B MINI NEGRO',8,1,'PC',10.4,51);
INSERT INTO "produto" VALUES(9979,'MOUSE USB MTEK B97 NEGRO/GRAF OPT.MINI',8,18,'PC',10.4,51);
INSERT INTO "produto" VALUES(9978,'MOUSE USB MTEK B97 NEGRO/PLA OPT.MINI',7.5,17,'PC',9.75,51);
INSERT INTO "produto" VALUES(66067,'MOUSE USB MTEK MS27U OPT. BLANCO/GRIS',4.5,4,'PC',5.85,51);
INSERT INTO "produto" VALUES(13352,'MOUSE USB PIXXO MINI MO-E133 NEGRO OPTICO',9,9,'PC',11.7,26);
INSERT INTO "produto" VALUES(13233,'MOUSE USB PIXXO MO-C133 NEGRO OPTICO',8,0,'PC',10.4,26);
INSERT INTO "produto" VALUES(21233,'MOUSE USB PIXXO MO-E033 NEGRO OPTICO',8,5,'PC',10.4,26);
INSERT INTO "produto" VALUES(13513,'MOUSE USB PIXXO MO-R135 NEGRO/ROJO OPTICO',9,15,'PC',11.7,26);
INSERT INTO "produto" VALUES(9562,'MOUSE USB SATEL. A-15P MINI NEGRO 1000CPI',8,9,'PC',10.4,64);
INSERT INTO "produto" VALUES(10299,'MOUSE USB SATEL. A-15R MINI ROJO 1000CPI',8,16,'PC',10.4,64);
INSERT INTO "produto" VALUES(71259,'MOUSE USB SATEL. A-15S MINI PLATA 1000CPI',8,0,'PC',10.4,64);
INSERT INTO "produto" VALUES(45091,'MOUSE USB SATEL. A-2  BLANCO 1000CPI OPTICO',7,19,'PC',9.1,64);
INSERT INTO "produto" VALUES(44513,'MOUSE USB SATEL. A-2  GRIS 1000CPI OPTICO',7,10,'PC',9.1,64);
INSERT INTO "produto" VALUES(45152,'MOUSE USB SATEL. A-2  NEGRO 1000CPI OPTICO',7,15,'PC',9.1,64);
INSERT INTO "produto" VALUES(44537,'MOUSE USB SATEL. A-2  ROJO 1000CPI OPTICO',7,16,'PC',9.1,64);
INSERT INTO "produto" VALUES(25258,'MOUSE USB SATEL. A-25U NEGRO',6,9,'PC',7.8,64);
INSERT INTO "produto" VALUES(44599,'MOUSE USB SATEL. A-3  GRIS 800/1600DPI OPTICO',8,11,'PC',10.4,64);
INSERT INTO "produto" VALUES(20645,'MOUSE USB SATEL. A-3  NEGRO 800/1600DPI OPTICO',8,16,'PC',10.4,64);
INSERT INTO "produto" VALUES(45183,'MOUSE USB SATEL. A-3  PLATA 800/1600DPI OPTICO',8,6,'PC',10.4,64);
INSERT INTO "produto" VALUES(16831,'MOUSE USB SATEL. A-31B MINI NEGRO 800CPI',6.5,19,'PC',8.45,64);
INSERT INTO "produto" VALUES(43158,'MOUSE USB SATEL. A-31P MINI ROSA 800CPI',6.25,15,'PC',8.13,64);
INSERT INTO "produto" VALUES(7963,'CABO ADAP. FONTE 20/24 PINOS',1.5,4,'PC',1.95,102);
INSERT INTO "produto" VALUES(2085,'CABO AUDIO DIGITAL P/CD-ROM/DVD/GRAVADOR',1,10,'PC',1.3,102);
INSERT INTO "produto" VALUES(71319,'MOUSE USB SATEL. A-31W MINI BLANCO 800CPI',6.25,17,'PC',8.13,64);
INSERT INTO "produto" VALUES(17032,'MOUSE USB SATEL. A-32  NEGRO 800CPI',5,16,'PC',6.5,64);
INSERT INTO "produto" VALUES(43838,'MOUSE USB SATEL. A-38 BLANCO OPT',9,4,'PC',11.7,64);
INSERT INTO "produto" VALUES(38384,'MOUSE USB SATEL. A-38 VERDE OPT',9,18,'PC',11.7,64);
INSERT INTO "produto" VALUES(7661,'MOUSE USB SATEL. MINI A11 NEGRO OPTICO',8.5,19,'PC',11.05,64);
INSERT INTO "produto" VALUES(6921,'MOUSE USB SATEL. MINI A11 PLATA OPTICO',8.5,0,'PC',11.05,64);
INSERT INTO "produto" VALUES(6924,'MOUSE USB SATEL. MINI A11 ROJO OPT',8.5,10,'PC',11.05,64);
INSERT INTO "produto" VALUES(8629,'MOUSE USB SATEL. MINI A11 ROSA OPTICO',8.5,12,'PC',11.05,64);
INSERT INTO "produto" VALUES(39288,'MP  CELULAR KAIOMY AEGIS 288 3B 1CH NEGRO',29,5,'PC',37.7,31);
INSERT INTO "produto" VALUES(87829,'MP10 BAK MP-101 4B/2CH/TV/2C BLANCO',83,16,'PC',107.9,10);
INSERT INTO "produto" VALUES(10803,'MP10 BAK MP-803G 4B/2CH/TV/1G/1C NEGRO',88,14,'PC',114.4,10);
INSERT INTO "produto" VALUES(78036,'MP10 BAK MP-803G 4B/2CH/TV/1G/1C ROJO',91,4,'PC',118.3,10);
INSERT INTO "produto" VALUES(83351,'MP10 BAK MP-803G 4B/2CH/TV/1G/1C ROSADO',91,14,'PC',118.3,10);
INSERT INTO "produto" VALUES(88055,'MP10 ECOPOWER EP-880 4B/2CH/TV/1C (B)',96,19,'PC',124.8,99);
INSERT INTO "produto" VALUES(86448,'MP10 MOX MO-864 4B/2CH/TV/2C PLATA',92,16,'PC',119.6,67);
INSERT INTO "produto" VALUES(86456,'MP10 MOX MO-864 4B/2CH/TV/2C ROSADO',92,8,'PC',119.6,67);
INSERT INTO "produto" VALUES(85623,'MP10 MOX MO-865 4B/2CH/TV/2C NEGRO',78,14,'PC',101.4,67);
INSERT INTO "produto" VALUES(86659,'MP10 MOX MO-866 4B/2CH/TV/2C NEGRO',92,11,'PC',119.6,67);
INSERT INTO "produto" VALUES(86622,'MP10 MOX MO-866 4B/2CH/TV/2C PLATA',92,5,'PC',119.6,67);
INSERT INTO "produto" VALUES(86624,'MP10 MOX MO-866 4B/2CH/TV/2C ROJO',92,11,'PC',119.6,67);
INSERT INTO "produto" VALUES(86608,'MP10 MOX MO-866 4B/2CH/TV/2C ROSADO',92,15,'PC',119.6,67);
INSERT INTO "produto" VALUES(10885,'MP10 MOX MO-880 4B/2CH/TV/2C BLANCO TOUCH',86,3,'PC',111.8,67);
INSERT INTO "produto" VALUES(35881,'MP10 MOX MO-881 4B/2CH/TV/2C BLANCO',85,10,'PC',110.5,67);
INSERT INTO "produto" VALUES(18813,'MP10 MOX MO-881 4B/2CH/TV/2C NEGRO',79,15,'PC',102.7,67);
INSERT INTO "produto" VALUES(91882,'MP10 MOX MO-881 4B/2CH/TV/2C ROSADO',85,14,'PC',110.5,67);
INSERT INTO "produto" VALUES(10882,'MP10 MOX MO-882 4B/2CH/TV/2C BLANCO ',78,3,'PC',101.4,67);
INSERT INTO "produto" VALUES(58111,'MP10 MOX MO-883 4B/2CH/TV/2C BLANCO',81,1,'PC',105.3,67);
INSERT INTO "produto" VALUES(88311,'MP10 MOX MO-883 4B/2CH/TV/2C NEGRO',82,11,'PC',106.6,67);
INSERT INTO "produto" VALUES(58902,'MP10 MOX MO-884 4B/2CH/TV/2C ROSADO',96,18,'PC',124.8,67);
INSERT INTO "produto" VALUES(44887,'MP10 MOX MO-887 4B/2CH/TV/2C BLANCO TOUCH',83,5,'PC',107.9,67);
INSERT INTO "produto" VALUES(88798,'MP10 MOX MO-887 4B/2CH/TV/2C ROJO TOUCH',83,5,'PC',107.9,67);
INSERT INTO "produto" VALUES(40887,'MP10 MOX MO-887 4B/2CH/TV/2C ROSADO TOUCH',83,17,'PC',107.9,67);
INSERT INTO "produto" VALUES(68354,'MP10 SATELITE A68 4B/2CH/TV/1/2C NEGRO',82,1,'PC',106.6,83);
INSERT INTO "produto" VALUES(83042,'MP10 SATELITE AP83 4B/2CH/TV/2/2C NEGRO WIFI',97,8,'PC',126.1,83);
INSERT INTO "produto" VALUES(53407,'MP11 BAK MP-114G 4B/1CH/4G/CAM WIFI AZUL',138,4,'PC',179.4,10);
INSERT INTO "produto" VALUES(14114,'MP11 BAK MP-114G 4B/1CH/4G/CAM WIFI NEGRO',138,2,'PC',179.4,10);
INSERT INTO "produto" VALUES(40114,'MP11 BAK MP-114G 4B/1CH/4G/CAM WIFI ROJO',138,16,'PC',179.4,10);
INSERT INTO "produto" VALUES(62212,'MP12 BAK MP12GPS 4B/1CH/CAM WIFI NEGRO',174,7,'PC',226.2,10);
INSERT INTO "produto" VALUES(13974,'MP13 BAK MP1397 4B/2CH/TV/2C WIFI MARRON',116,17,'PC',150.8,10);
INSERT INTO "produto" VALUES(20551,'MP15 BAK MP1520WF 4B/2CH/TV/2C WIFI BLANCO/PLATA',116,3,'PC',150.8,10);
INSERT INTO "produto" VALUES(91555,'MP15 BAK MP1520WF 4B/2CH/TV/2C WIFI NEGRO',116,3,'PC',150.8,10);
INSERT INTO "produto" VALUES(52011,'MP15 BAK MP1520WF 4B/2CH/TV/2C WIFI ROJO',118,12,'PC',153.4,10);
INSERT INTO "produto" VALUES(31517,'MP15 ECOPOWER EP-911 4B/2CH/TV/2C WIFI (B)',120,15,'PC',156,99);
INSERT INTO "produto" VALUES(98881,'MP15 ECOPOWER EP-988 4B/2CH/TV/2C WIFI (B)',130,9,'PC',169,99);
INSERT INTO "produto" VALUES(40856,'MP15 MOX MO-W856 4B/2CH/TV/2C NEGRO WIFI',147,3,'PC',191.1,67);
INSERT INTO "produto" VALUES(85702,'MP15 MOX MO-W857 4B/2CH/TV/1C NEGRO WIFI',123,11,'PC',159.9,67);
INSERT INTO "produto" VALUES(89191,'MP15 MOX MO-W891 4B/2CH/TV/2C NEGRO WIFI',129,13,'PC',167.7,67);
INSERT INTO "produto" VALUES(89292,'MP15 MOX MO-W892 4B/2CH/TV/2C NEGRO WIFI',118,14,'PC',153.4,67);
INSERT INTO "produto" VALUES(89247,'MP15 MOX MO-W892 4B/2CH/TV/2C ROSADO WIFI',118,6,'PC',153.4,67);
INSERT INTO "produto" VALUES(89652,'MP15 MOX MO-W896 4B/2CH/TV/2C WIFI GRIS',120,7,'PC',156,67);
INSERT INTO "produto" VALUES(40896,'MP15 MOX MO-W896 4B/2CH/TV/2C WIFI MARRON',140,17,'PC',182,67);
INSERT INTO "produto" VALUES(88589,'MP15 QUANTA QN-885 (8900) 4B/2CH/TV/1C NEG. WI (B)',113,8,'PC',146.9,70);
INSERT INTO "produto" VALUES(15219,'MP15 QUANTA QN-889 (JC35) 4B/2CH/TV/2C NEGRO WI(B)',113,18,'PC',146.9,70);
INSERT INTO "produto" VALUES(88989,'MP15 QUANTA QN-889 (JC35) 4B/2CH/TV/2C ROJO WI(B)',113,15,'PC',146.9,70);
INSERT INTO "produto" VALUES(32152,'MP3   1GB BAK BK-MP321 AZUL',18,4,'PC',23.4,10);
INSERT INTO "produto" VALUES(13021,'MP3   2GB BAK BK-MP302G DOURADO',18,13,'PC',23.4,10);
INSERT INTO "produto" VALUES(3424,'MP3   2GB BAK BK-MP302G ROJO',18,13,'PC',23.4,10);
INSERT INTO "produto" VALUES(3036,'MP3   2GB BAK BK-MP302G VERDE',18,4,'PC',23.4,10);
INSERT INTO "produto" VALUES(9694,'MP3   2GB IPOD APPLE SHUFFLE NEGRO',61,14,'PC',79.3,7);
INSERT INTO "produto" VALUES(34226,'MP3   2GB IPOD APPLE SHUFFLE PLATA',61,1,'PC',79.3,7);
INSERT INTO "produto" VALUES(9490,'MP3   2GB IPOD APPLE SHUFFLE ROSADO',61,8,'PC',79.3,7);
INSERT INTO "produto" VALUES(23502,'MP3   2GB MOX MO-50 AZUL',17,16,'PC',22.1,67);
INSERT INTO "produto" VALUES(72152,'MP3   2GB MOX MO-50 NEGRO',17,18,'PC',22.1,67);
INSERT INTO "produto" VALUES(35322,'MP3   2GB MOX MO-50 PLATA',17,16,'PC',22.1,67);
INSERT INTO "produto" VALUES(36958,'MP3   2GB MOX MO-50 ROJO',17,10,'PC',22.1,67);
INSERT INTO "produto" VALUES(58230,'MP3   2GB QUANTA QN-50 NEGRO (B)',17,17,'PC',22.1,70);
INSERT INTO "produto" VALUES(36650,'MP3   2GB QUANTA QN-50 PLATA (B)',17,8,'PC',22.1,70);
INSERT INTO "produto" VALUES(50836,'MP3   2GB QUANTA QN-50 ROSADO (B)',17,9,'PC',22.1,70);
INSERT INTO "produto" VALUES(16440,'MP3   4GB IPOD APPLE SHUFFLE NEGRO',85,9,'PC',110.5,7);
INSERT INTO "produto" VALUES(86771,'MP3   4GB IPOD APPLE SHUFFLE PLATA',85,3,'PC',110.5,7);
INSERT INTO "produto" VALUES(58214,'MP3   4GB IPOD APPLE SHUFFLE ROSADO',85,18,'PC',110.5,7);
INSERT INTO "produto" VALUES(34240,'MP3   4GB IPOD APPLE SHUFFLE VERDE',85,12,'PC',110.5,7);
INSERT INTO "produto" VALUES(72840,'MP4   8GB IPOD APPLE NANO VERDE',160,9,'PC',208,7);
INSERT INTO "produto" VALUES(11531,'MP4  2GB MEGASTON MS-153 ROSADO (B)',24,16,'PC',31.2,100);
INSERT INTO "produto" VALUES(70696,'MP4 160GB IPOD APPLE CLASSIC PLATA (E)',270,19,'PC',351,7);
INSERT INTO "produto" VALUES(66041,'MP6 BAK MP-600G 4B/2CH/1C MARRON COURO',64,4,'PC',83.2,10);
INSERT INTO "produto" VALUES(60030,'MP6 BAK MP-600G 4B/2CH/1C NEGRO COURO',64,19,'PC',83.2,10);
INSERT INTO "produto" VALUES(64601,'MP6 BAK MP-601 4B/2CH/1C AZUL',61,10,'PC',79.3,10);
INSERT INTO "produto" VALUES(60160,'MP6 BAK MP-601 4B/2CH/1C DORADO',61,12,'PC',79.3,10);
INSERT INTO "produto" VALUES(26014,'MP6 BAK MP-601 4B/2CH/1C ROJO',61,19,'PC',79.3,10);
INSERT INTO "produto" VALUES(40601,'MP6 BAK MP-601 4B/2CH/1C ROSADO',61,6,'PC',79.3,10);
INSERT INTO "produto" VALUES(10603,'MP6 BAK MP-603G 4B/2CH/2G/1CAM BLANCO',62,17,'PC',80.6,10);
INSERT INTO "produto" VALUES(76035,'MP6 BAK MP-603G 4B/2CH/2G/1CAM NEGRO',62,18,'PC',80.6,10);
INSERT INTO "produto" VALUES(76039,'MP6 BAK MP-603G 4B/2CH/2G/1CAM ROSADO',62,19,'PC',80.6,10);
INSERT INTO "produto" VALUES(10612,'MP6 BAK MP-612G 4B/2CH/1C BLANCO',47,12,'PC',61.1,10);
INSERT INTO "produto" VALUES(16013,'MP6 BAK MP-612G 4B/2CH/1C NEGRO',47,16,'PC',61.1,10);
INSERT INTO "produto" VALUES(26121,'MP6 BAK MP-612G 4B/2CH/1C ROSADO',47,17,'PC',61.1,10);
INSERT INTO "produto" VALUES(10614,'MP6 BAK MP-614G 4B/2CH/1C NEGRO',62,13,'PC',80.6,10);
INSERT INTO "produto" VALUES(41614,'MP6 BAK MP-614G 4B/2CH/1C ROSADO',62,12,'PC',80.6,10);
INSERT INTO "produto" VALUES(80646,'MP6 KAIOMY AEGIS 806 4B/2CH/2G/1C NEGRO',65,3,'PC',84.5,31);
INSERT INTO "produto" VALUES(78006,'MP6 MINI EXACTUS EX5009 4B/2CH/2C BLANCO',61,3,'PC',79.3,66);
INSERT INTO "produto" VALUES(25009,'MP6 MINI EXACTUS EX5009 4B/2CH/2C NEGRO',61,17,'PC',79.3,66);
INSERT INTO "produto" VALUES(74301,'MP6 MINI EXACTUS EX5009 4B/2CH/2C ROSADO',61,13,'PC',79.3,66);
INSERT INTO "produto" VALUES(62532,'MP6 MOX MO-625 3B/2CH/1C NEGRO',47,13,'PC',61.1,67);
INSERT INTO "produto" VALUES(42688,'MP6 MOX MO-688 4B/2CH/1C NARANJADO',60,0,'PC',78,67);
INSERT INTO "produto" VALUES(66884,'MP6 MOX MO-688 4B/2CH/1CAM NEGRO',56,4,'PC',72.8,67);
INSERT INTO "produto" VALUES(37403,'MP6 MOX MO-867 4B/2CH/1C NEGRO',75,14,'PC',97.5,67);
INSERT INTO "produto" VALUES(15060,'MP6 MOX MO-867 4B/2CH/1C NEGRO/ROJO',75,9,'PC',97.5,67);
INSERT INTO "produto" VALUES(88930,'MP6 MOX MO-889 MINI 4B/2CH/2C AZUL',57,1,'PC',74.1,67);
INSERT INTO "produto" VALUES(66889,'MP6 MOX MO-889 MINI 4B/2CH/2C BLANCO',59,14,'PC',76.7,67);
INSERT INTO "produto" VALUES(88999,'MP6 MOX MO-889 MINI 4B/2CH/2C NEGRO',59,19,'PC',76.7,67);
INSERT INTO "produto" VALUES(88920,'MP6 MOX MO-889 MINI 4B/2CH/2C ROJO',59,2,'PC',76.7,67);
INSERT INTO "produto" VALUES(48992,'MP6 MOX MO-889 MINI 4B/2CH/2C ROSADO',60,17,'PC',78,67);
INSERT INTO "produto" VALUES(95195,'MP6 NAPOLI NPL-95 MINI 4B/2CH/1C NEGRO (B) ',74,16,'PC',96.2,68);
INSERT INTO "produto" VALUES(70304,'MP7 BAK MP-703 4B/2CH/TV/2CAM NEGRO',62,1,'PC',80.6,10);
INSERT INTO "produto" VALUES(17049,'MP7 BAK MP-704G 4B/2CH/TV/CAM NEGRO',69,14,'PC',89.7,10);
INSERT INTO "produto" VALUES(70445,'MP7 BAK MP-704G 4B/2CH/TV/CAM ROSA',69,13,'PC',89.7,10);
INSERT INTO "produto" VALUES(44705,'MP7 BAK MP-705G 4B/2CH/TV/CAM NEGRO',62,19,'PC',80.6,10);
INSERT INTO "produto" VALUES(14705,'MP7 BAK MP-705G 4B/2CH/TV/CAM PLATA',62,14,'PC',80.6,10);
INSERT INTO "produto" VALUES(70504,'MP7 BAK MP-705G 4B/2CH/TV/CAM ROJO',62,5,'PC',80.6,10);
INSERT INTO "produto" VALUES(40705,'MP7 BAK MP-705G 4B/2CH/TV/CAM ROSADO',62,16,'PC',80.6,10);
INSERT INTO "produto" VALUES(70864,'MP7 BAK MP-708 4B/2CH/TV/2CAM NEGRO',62,11,'PC',80.6,10);
INSERT INTO "produto" VALUES(35708,'MP7 BAK MP-708 4B/2CH/TV/2CAM ROSADO',62,18,'PC',80.6,10);
INSERT INTO "produto" VALUES(41256,'MP7 BAK MP-71 4B/2CH/TV/2C/MSN ROSADO',63,8,'PC',81.9,10);
INSERT INTO "produto" VALUES(93712,'MP7 BAK MP-712S 4B/2CH/TV/1C ROSADO',68,1,'PC',88.4,10);
INSERT INTO "produto" VALUES(35572,'MP7 BAK MP-72G 4B/2CH/TV/CAM BRONZE',65,6,'PC',84.5,10);
INSERT INTO "produto" VALUES(10019,'MP7 BAK MP-72G 4B/2CH/TV/CAM NEGRO',65,8,'PC',84.5,10);
INSERT INTO "produto" VALUES(12950,'MP7 BAK MP-72G 4B/2CH/TV/CAM PLATA',65,1,'PC',84.5,10);
INSERT INTO "produto" VALUES(78138,'MP7 BAK MP-872 4B/2CH/TV/2CAM BLANCO',74,10,'PC',96.2,10);
INSERT INTO "produto" VALUES(90381,'MP7 BAK MP-872 4B/2CH/TV/2CAM GRAFITE',74,2,'PC',96.2,10);
INSERT INTO "produto" VALUES(91813,'MP7 BAK MP-872 4B/2CH/TV/2CAM NEGRO',74,11,'PC',96.2,10);
INSERT INTO "produto" VALUES(87238,'MP7 BAK MP-872 4B/2CH/TV/2CAM ROJO',74,11,'PC',96.2,10);
INSERT INTO "produto" VALUES(20777,'MP7 COBY MP-777 3B/3CH/TV/2G/CAM PLATA (B)',85,17,'PC',110.5,43);
INSERT INTO "produto" VALUES(19788,'MP7 COBY MP-788 4B/2CH/TV/2G/CAM PLATA ',84,11,'PC',109.2,43);
INSERT INTO "produto" VALUES(42200,'MP7 FUJILINK FU200 4B/2CH/TV/1C NEGRO',55,15,'PC',71.5,69);
INSERT INTO "produto" VALUES(31300,'MP7 FUJILINK FU300 4B/2CH/TV/1C NEGRO',55,16,'PC',71.5,69);
INSERT INTO "produto" VALUES(91924,'MP7 FUJILINK FU91T 4B/2CH/TV/2CAM BLANCO',60,1,'PC',78,69);
INSERT INTO "produto" VALUES(10529,'MP7 FUJILINK FU91T 4B/2CH/TV/2CAM DORADO',60,11,'PC',78,69);
INSERT INTO "produto" VALUES(91508,'MP7 FUJILINK FU91T 4B/2CH/TV/2CAM GRAFITE',60,17,'PC',78,69);
INSERT INTO "produto" VALUES(40912,'MP7 FUJILINK FU91T 4B/2CH/TV/2CAM PLATA',60,15,'PC',78,69);
INSERT INTO "produto" VALUES(13359,'MP7 FUJILINK FUV13 4B/2CH/TV/2CAM BLANCO',72,4,'PC',93.6,69);
INSERT INTO "produto" VALUES(28813,'MP7 FUJILINK FUV13 4B/2CH/TV/2CAM ROSADO',72,17,'PC',93.6,69);
INSERT INTO "produto" VALUES(34217,'MP7 MOX MO-71 4B/2CH/TV/2C AZUL',69,13,'PC',89.7,67);
INSERT INTO "produto" VALUES(71271,'MP7 MOX MO-71 4B/2CH/TV/2C GRIS',69,2,'PC',89.7,67);
INSERT INTO "produto" VALUES(87123,'MP7 MOX MO-71 4B/2CH/TV/2C LILA',69,9,'PC',89.7,67);
INSERT INTO "produto" VALUES(71171,'MP7 MOX MO-71 4B/2CH/TV/2C NARANJA',69,1,'PC',89.7,67);
INSERT INTO "produto" VALUES(47134,'MP7 MOX MO-71 4B/2CH/TV/2C ROJO',69,17,'PC',89.7,67);
INSERT INTO "produto" VALUES(95711,'MP7 MOX MO-71 4B/2CH/TV/2C ROSADO',69,12,'PC',89.7,67);
INSERT INTO "produto" VALUES(71095,'MP7 MOX MO-71 4B/2CH/TV/2C VERDE',69,7,'PC',89.7,67);
INSERT INTO "produto" VALUES(81466,'MP7 MOX MO-814 4B/2CH/TV/2C AZUL',73,5,'PC',94.9,67);
INSERT INTO "produto" VALUES(81414,'MP7 MOX MO-814 4B/2CH/TV/2C BLANCO',78,6,'PC',101.4,67);
INSERT INTO "produto" VALUES(81404,'MP7 MOX MO-814 4B/2CH/TV/2C NEGRO',78,8,'PC',101.4,67);
INSERT INTO "produto" VALUES(81477,'MP7 MOX MO-814 4B/2CH/TV/2C ROJO',73,12,'PC',94.9,67);
INSERT INTO "produto" VALUES(81480,'MP7 MOX MO-814 4B/2CH/TV/2C ROSADO',73,15,'PC',94.9,67);
INSERT INTO "produto" VALUES(81593,'MP7 MOX MO-815 4B/2CH/TV/2C AZUL',75,10,'PC',97.5,67);
INSERT INTO "produto" VALUES(81511,'MP7 MOX MO-815 4B/2CH/TV/2C BLANCO',75,2,'PC',97.5,67);
INSERT INTO "produto" VALUES(81596,'MP7 MOX MO-815 4B/2CH/TV/2C NEGRO',75,17,'PC',97.5,67);
INSERT INTO "produto" VALUES(81549,'MP7 MOX MO-815 4B/2CH/TV/2C ROJO',75,1,'PC',97.5,67);
INSERT INTO "produto" VALUES(81581,'MP7 MOX MO-815 4B/2CH/TV/2C ROSADO',75,14,'PC',97.5,67);
INSERT INTO "produto" VALUES(81742,'MP7 MOX MO-817 4B/2CH/TV/2C EMB. NEGRO',79,14,'PC',102.7,67);
INSERT INTO "produto" VALUES(81744,'MP7 MOX MO-817 4B/2CH/TV/2C ROSADO',79,12,'PC',102.7,67);
INSERT INTO "produto" VALUES(85697,'MP7 MOX MO-829 4B/2CH/TV/C AZUL',63,8,'PC',81.9,67);
INSERT INTO "produto" VALUES(66532,'MP7 MOX MO-829 4B/2CH/TV/C BLANCO',63,9,'PC',81.9,67);
INSERT INTO "produto" VALUES(77459,'MP7 MOX MO-829 4B/2CH/TV/C NEGRO',63,7,'PC',81.9,67);
INSERT INTO "produto" VALUES(98563,'MP7 MOX MO-829 4B/2CH/TV/C PLATA',63,4,'PC',81.9,67);
INSERT INTO "produto" VALUES(78956,'MP7 MOX MO-829 4B/2CH/TV/C ROSADO',63,10,'PC',81.9,67);
INSERT INTO "produto" VALUES(55263,'MP7 MOX MO-829 4B/2CH/TV/CAM ROJO',63,18,'PC',81.9,67);
INSERT INTO "produto" VALUES(10850,'MP7 MOX MO-850 4B/2CH/TV/CAM NEGRO',68,2,'PC',88.4,67);
INSERT INTO "produto" VALUES(42851,'MP7 MOX MO-851 4B/2CH/TV/CAM GRAFITE',82,6,'PC',106.6,67);
INSERT INTO "produto" VALUES(78512,'MP7 MOX MO-851 4B/2CH/TV/CAM PLATA',82,3,'PC',106.6,67);
INSERT INTO "produto" VALUES(85211,'MP7 MOX MO-852 4B/2CH/TV/2CAM NEGRO',72,19,'PC',93.6,67);
INSERT INTO "produto" VALUES(85315,'MP7 MOX MO-853 4B/2CH/TV/2CAM BLANCO',77,16,'PC',100.1,67);
INSERT INTO "produto" VALUES(1815,'CABO EXTENSÂO PARA USB 1.8MT',2.5,5,'PC',3.25,102);
INSERT INTO "produto" VALUES(85335,'MP7 MOX MO-853 4B/2CH/TV/2CAM GRIS',77,14,'PC',100.1,67);
INSERT INTO "produto" VALUES(15853,'MP7 MOX MO-853 4B/2CH/TV/2CAM NEGRO',77,12,'PC',100.1,67);
INSERT INTO "produto" VALUES(55359,'MP7 MOX MO-853 4B/2CH/TV/2CAM ROJO',77,18,'PC',100.1,67);
INSERT INTO "produto" VALUES(85421,'MP7 MOX MO-854 4B/2CH/TV/2CAM ROJO',64,4,'PC',83.2,67);
INSERT INTO "produto" VALUES(90869,'MP7 MOX MO-869 4B/2C/TV/1C NEGRO/PLATA',65,14,'PC',84.5,67);
INSERT INTO "produto" VALUES(87215,'MP7 MOX MO-872 4B/2CH/TV/2CAM DORADO',87,16,'PC',113.1,67);
INSERT INTO "produto" VALUES(28736,'MP7 MOX MO-873 4B/2CH/TV/2CAM BLANCO',93,16,'PC',120.9,67);
INSERT INTO "produto" VALUES(72873,'MP7 MOX MO-873 4B/2CH/TV/2CAM PLATA',94,1,'PC',122.2,67);
INSERT INTO "produto" VALUES(87554,'MP7 MOX MO-875 4B/2CH/TV/2CAM ROSA',71,2,'PC',92.3,67);
INSERT INTO "produto" VALUES(35519,'MP7 MOX MO-876 4B/2CH/TV/1CAM NEGRO/PLATA',69,2,'PC',89.7,67);
INSERT INTO "produto" VALUES(87722,'MP7 MOX MO-877 4B/2CH/TV/2CAM NARANJA',104,10,'PC',135.2,67);
INSERT INTO "produto" VALUES(87770,'MP7 MOX MO-877 4B/2CH/TV/2CAM NEGRO',108,14,'PC',140.4,67);
INSERT INTO "produto" VALUES(44404,'MP7 NAPOLI NPL-444 4B/2CH/TV/CAM NEGRO (B) ',76,18,'PC',98.8,68);
INSERT INTO "produto" VALUES(55569,'MP7 NAPOLI NPL-555 4B/2CH/TV/2CAM PLATA (B) ',75,0,'PC',97.5,68);
INSERT INTO "produto" VALUES(61132,'MP7 NAPOLI NPL-61 4B/2CH/TV/CAM (B) ',75,17,'PC',97.5,68);
INSERT INTO "produto" VALUES(66123,'MP7 NAPOLI NPL-66 4B/2CH/TV/CAM (B) ',96,16,'PC',124.8,68);
INSERT INTO "produto" VALUES(21371,'MP7 NAPOLI NPL-71 4B/2CH/TV/2CAM GRIS (B) ',72,1,'PC',93.6,68);
INSERT INTO "produto" VALUES(77707,'MP7 NAPOLI NPL-777 4B/2CH/TV/CAM GRAFITE (B)',95,11,'PC',123.5,68);
INSERT INTO "produto" VALUES(14381,'MP7 NAPOLI NPL-81 4B/2CH/TV/CAM NEGRO (B) ',98,11,'PC',127.4,68);
INSERT INTO "produto" VALUES(80383,'MP7 NAPOLI NPL-83 4B/2CH/TV/2CAM NEG/PLAT (B) ',105,13,'PC',136.5,68);
INSERT INTO "produto" VALUES(88808,'MP7 NAPOLI NPL-888 4B/2CH/TV/CAM NEG/PLAT (B)',82,0,'PC',106.6,68);
INSERT INTO "produto" VALUES(21797,'MP7 NAPOLI NPL-97 4B/2CH/TV/CAM NEGRO (B) ',92,0,'PC',119.6,68);
INSERT INTO "produto" VALUES(42441,'MP7 POWERPACK TCTV-442 4B/2CH/TV/CAM ROJO/NEGRO(B)',82,5,'PC',106.6,71);
INSERT INTO "produto" VALUES(40880,'MP7 QUANTA QN-880 4B/2CH/TV/2C NEGRO (B)',70,10,'PC',91,70);
INSERT INTO "produto" VALUES(88004,'MP7 QUANTA QN-880 4B/2CH/TV/2C ROSADO (B)',70,19,'PC',91,70);
INSERT INTO "produto" VALUES(20965,'NB  MOCHILA 15" SWISS 2088 AZUL/NEGRO (G)',29,0,'PC',37.7,75);
INSERT INTO "produto" VALUES(20889,'NB  MOCHILA 15" SWISS 2088 ROJO/NEGRO (G)',29,13,'PC',37.7,75);
INSERT INTO "produto" VALUES(71091,'NB  MOCHILA 15" SWISS 7109 AZUL/NEGRO (G)',29,0,'PC',37.7,75);
INSERT INTO "produto" VALUES(71092,'NB  MOCHILA 15" SWISS 7109 NARANJA/NEGRO (G)',29,18,'PC',37.7,75);
INSERT INTO "produto" VALUES(71093,'NB  MOCHILA 15" SWISS 7109 ROJO/NEGRO (G)',29,19,'PC',37.7,75);
INSERT INTO "produto" VALUES(87055,'NB  MOCHILA 15" SWISS 8705 GRIS/NEGRO (G)',30,18,'PC',39,75);
INSERT INTO "produto" VALUES(42490,'NB  MOCHILA 15.4" EEBAG 04249 C/RODA NEGRO (G)',36,18,'PC',46.8,73);
INSERT INTO "produto" VALUES(62840,'NB  MOCHILA 15.4" TARGUS 628  NEGRO/MARON  (G) ',35,2,'PC',45.5,60);
INSERT INTO "produto" VALUES(65113,'NB  MOCHILA 15.4" TARGUS 651 TSB013AP NEGRO (G) ',35,5,'PC',45.5,60);
INSERT INTO "produto" VALUES(11805,'NB  MOCHILA 15.4" TARGUS TSB11802US ROSA/CI (G)',37,7,'PC',48.1,60);
INSERT INTO "produto" VALUES(71053,'NB  MOCHILA 15/17" SWISS 7105 ROJO (G)',24,10,'PC',31.2,75);
INSERT INTO "produto" VALUES(83803,'NB  MOCHILA 16" HP 380AA VERDE/AMARILLO',33,17,'PC',42.9,29);
INSERT INTO "produto" VALUES(91541,'NB  PROTETOR 15.4" HP NEGRO',14,10,'PC',18.2,29);
INSERT INTO "produto" VALUES(78019,'NB  PROTETOR 15.4" TARGUS TSS078US NE/MA (G)',22.5,3,'PC',29.25,60);
INSERT INTO "produto" VALUES(50111,'NB  PROTETOR 15.6" TARGUS TBS005US NEGRO (G)',22,9,'PC',28.6,60);
INSERT INTO "produto" VALUES(51162,'NB  PROTETOR 16" HP NN162AA BRONZE ',19,7,'PC',24.7,29);
INSERT INTO "produto" VALUES(16806,'NB  PROTETOR 16" HP VA707AA TITANIUM GRIS',19,8,'PC',24.7,29);
INSERT INTO "produto" VALUES(61757,'NB  PROTETOR 17" HP NEGRO',15,19,'PC',19.5,29);
INSERT INTO "produto" VALUES(49184,'NB  PROTETOR 18.4" HP NEGRO',16,12,'PC',20.8,29);
INSERT INTO "produto" VALUES(53220,'NB ACER  AO532H-2035 ATOM 1.66/2/250/C/10.1 AZUL',385,8,'PC',500.5,62);
INSERT INTO "produto" VALUES(52350,'NB ACER  AO532H-2350 ATOM 1.66/2/250/C/10.1 ROJO',385,6,'PC',500.5,62);
INSERT INTO "produto" VALUES(15886,'NB  MALETA 15" AMERICAN 886 NEGRO/AZUL CLARO',11.5,5,'PC',14.95,102);
INSERT INTO "produto" VALUES(11538,'NB ACER  AOD250-1538 ATOM 1.6/ 1/160/C/10.1" ',320,11,'PC',416,62);
INSERT INTO "produto" VALUES(17098,'NB ACER  AOD250-1709 ATOM 1.6/2/160/C/10" NEGRO',365,17,'PC',474.5,62);
INSERT INTO "produto" VALUES(19584,'NB ACER  AOD250-1958 ATOM 1.6/ 1/160/C/10 AZUL',317,18,'PC',412.1,62);
INSERT INTO "produto" VALUES(59822,'NB ACER (EMACH) 625-5982 ATH1.6/2/160/RW/C/15.6PT ',445,2,'PC',578.5,62);
INSERT INTO "produto" VALUES(74915,'NB ACER (EMACH) 725-4915 DC 2.1/3/320/C/15.6WINPT',595,1,'PC',773.5,62);
INSERT INTO "produto" VALUES(29572,'NB ACER (EMACH) D525-2957 CEL 2.2/2/250/RW/C/14WPT',525,19,'PC',682.5,62);
INSERT INTO "produto" VALUES(21330,'NB ACER (EMACH) E250-1330 ATOM 1.6/2/250/C/10.1"',390,11,'PC',507,62);
INSERT INTO "produto" VALUES(15162,'NB ACER (EMACH) E250-1500 ATOM 1.6/2/250/C/10.1"',380,6,'PC',494,62);
INSERT INTO "produto" VALUES(65311,'NB ACER (EMACH) E625-5311 ATH1.6/2/250/C/15.6/WIPT',485,6,'PC',630.5,62);
INSERT INTO "produto" VALUES(53113,'NB ACER (EMACH) E625-5311 ATH1.6/3/250/C/15.6/WIPT',505,8,'PC',656.5,62);
INSERT INTO "produto" VALUES(62715,'NB ACER (EMACH) E627-1598 ATX2 1.2/2/250/RW/C/15.6',505,18,'PC',656.5,62);
INSERT INTO "produto" VALUES(54362,'NB ACER (EMACH) E627-5436 ATHL 1.6/2/160/RW/C/15"',450,11,'PC',585,62);
INSERT INTO "produto" VALUES(42236,'NB ACER (EMACH) E725-4122 DC 2.1/2/160/RW/C/15.6',490,16,'PC',637,62);
INSERT INTO "produto" VALUES(41222,'NB ACER (EMACH) E725-4122 DC 2.1/2/250/RW/C/15.6PT',505,7,'PC',656.5,62);
INSERT INTO "produto" VALUES(72545,'NB ACER (EMACH) E725-4122 DC 2.1/3/250/RW/C/15.6',540,14,'PC',702,62);
INSERT INTO "produto" VALUES(22742,'NB ACER 1410-2274 CEL 1.3/2/250/C/11.6" AZUL',450,10,'PC',585,62);
INSERT INTO "produto" VALUES(25412,'NB ACER 1410-2541 CEL 1.3/2/250/C/11.6" NEGRO',440,16,'PC',572,62);
INSERT INTO "produto" VALUES(88473,'NB ACER 3810T-8847 C2D 1.3/4/500/C/13.3" W7 GRIS',890,14,'PC',1157,62);
INSERT INTO "produto" VALUES(45111,'NB ACER 4540-1110 ATHII X2 2.0/2/250/RW/C/14" ',540,13,'PC',702,62);
INSERT INTO "produto" VALUES(45322,'NB ACER 4540-5032 TURII 2.2/2/320/RW/C/14" ',605,8,'PC',786.5,62);
INSERT INTO "produto" VALUES(45405,'NB ACER 4540-5032 TX2 2.2/3/320/RW/C/14" ',610,4,'PC',793,62);
INSERT INTO "produto" VALUES(45544,'NB ACER 4540-5400 TX2 2.2/4/500/BR/C/14"',780,1,'PC',1014,62);
INSERT INTO "produto" VALUES(40243,'NB ACER 4540-5424 ATHX2 2.0/3/320/RW/C/14" W7',590,15,'PC',767,62);
INSERT INTO "produto" VALUES(56913,'NB ACER 4740-5691 CI3 2.13/3/320/RW/C/14" W7',760,9,'PC',988,62);
INSERT INTO "produto" VALUES(47404,'NB ACER 4740-6001 CI5 2.26/4/320/RW/C/14" W7',795,3,'PC',1033.5,62);
INSERT INTO "produto" VALUES(48108,'NB ACER 4810T-8347 C2D 1.3/4/500/RW/C/14" W7',945,15,'PC',1228.5,62);
INSERT INTO "produto" VALUES(40113,'NB ACER 4810TZ-4011 PENTIUM 1.3/3/320/RW/C/14"',640,2,'PC',832,62);
INSERT INTO "produto" VALUES(44393,'NB ACER 4810TZ-4439 PENTIUM 1.3/3/320/RW/C/14"',615,3,'PC',799.5,62);
INSERT INTO "produto" VALUES(1652,'CABO FORCA P/ 1 HD SATA',1.75,7,'PC',2.28,102);
INSERT INTO "produto" VALUES(15451,'CABO HD IDE HD/CD ROM/GRAVADOR ',1.5,0,'PC',1.95,102);
INSERT INTO "produto" VALUES(5911,'CABO HD SATA SERIAL (DADOS)  ATA AL-04',1.8,2,'PC',2.34,102);
INSERT INTO "produto" VALUES(20276,'CABO HDMI X DVI-D 1,5M ',12,3,'PC',15.6,102);
INSERT INTO "produto" VALUES(31836,'CABO HDMI X DVI-D 1,83M (6 FT)',9.5,12,'PC',12.35,102);
INSERT INTO "produto" VALUES(18315,'CABO HDMI X HDMI 1,83M (6 FT)',7.5,11,'PC',9.75,102);
INSERT INTO "produto" VALUES(30518,'CABO HDMI X HDMI 3,05M (10 FT)',11,6,'PC',14.3,102);
INSERT INTO "produto" VALUES(14183,'CABO HDMI X MINI HDMI 1,83M (6 FT)',16,9,'PC',20.8,102);
INSERT INTO "produto" VALUES(25,'CABO PARALELO P/ IMPRESSORA (E)',2.5,8,'PC',3.25,102);
INSERT INTO "produto" VALUES(1625,'CABO SCSI 50 PINOS',4,1,'PC',5.2,102);
INSERT INTO "produto" VALUES(1287,'CABO SCSI 68 PINOS UW',4,2,'PC',5.2,102);
INSERT INTO "produto" VALUES(11,'CABO USB 2.0 A/B P/ IMPRESSORA LASER/MULTIFUNCION',2,19,'PC',2.6,102);
INSERT INTO "produto" VALUES(29193,'CABO VGA PARA MONITOR / PROJETOR',8,17,'PC',10.4,102);
INSERT INTO "produto" VALUES(10224,'CALCUL. HP 10BII FINANC. ESPANHOL',39,4,'PC',50.7,29);
INSERT INTO "produto" VALUES(10858,'CAM.  BATERIA REC. BAK BK-FG1/BG1 1000MAH ',12,5,'PC',15.6,10);
INSERT INTO "produto" VALUES(10889,'CAM.  BATERIA REC. BAK BK-FT1 700MAH ',6.5,1,'PC',8.45,10);
INSERT INTO "produto" VALUES(10926,'CAM.  BATERIA REC. BAK BK-NP20 680MAH ',6.5,13,'PC',8.45,10);
INSERT INTO "produto" VALUES(10933,'CAM.  BATERIA REC. BAK BK-NP60 720MAH ',5.5,18,'PC',7.15,10);
INSERT INTO "produto" VALUES(10940,'CAM.  CARRE.BATE. BAK KIT BK-603 + BAT FG1',14,2,'PC',18.2,10);
INSERT INTO "produto" VALUES(80105,'CAM.  CARRE.P. MOX MO-801B 4P AA 3300MAH CART',6.5,15,'PC',8.45,67);
INSERT INTO "produto" VALUES(80698,'CAM.  CARRE.P./BAT. MOX MO-806 CARTELA',4,15,'PC',5.2,67);
INSERT INTO "produto" VALUES(5016,'CAM.  FONTE CAMERA SAMSUNG 101/201/240',9,17,'PC',11.7,11);
INSERT INTO "produto" VALUES(46200,'CAM.  LEITOR USB 2.0 MOX MO-U46 NEGRO',5,6,'PC',6.5,67);
INSERT INTO "produto" VALUES(31030,'CAM. FOTO BENQ DC C1030 10.0MP PLATA',64,15,'PC',83.2,18);
INSERT INTO "produto" VALUES(30147,'CAM. FOTO BENQ DC C1230 12.0MP LILA',78,3,'PC',101.4,18);
INSERT INTO "produto" VALUES(10309,'CAM. FOTO BENQ DC E1030 10.0MP PLATA',95,0,'PC',123.5,18);
INSERT INTO "produto" VALUES(12306,'CAM. FOTO BENQ DC E1230 12MP ROSADO',107,6,'PC',139.1,18);
INSERT INTO "produto" VALUES(12206,'CAM. FOTO BENQ DC W1220 12MP MARRON',147,5,'PC',191.1,18);
INSERT INTO "produto" VALUES(9303,'CAM. VIDEO PHONE D-LINK DVC-1000',203,11,'PC',263.9,21);
INSERT INTO "produto" VALUES(69352,'CAM. WEB BAK BK-5500M 5.0MPS AZUL',14.5,17,'PC',18.85,10);
INSERT INTO "produto" VALUES(55006,'CAM. WEB BAK BK-5500M 5.0MPS ROJO',14.5,11,'PC',18.85,10);
INSERT INTO "produto" VALUES(6341,'CAM. WEB CREATIVE LIVE MOTION',74,13,'PC',96.2,2);
INSERT INTO "produto" VALUES(7536,'CAM. WEB D-LINK DSB-C110/C120',9,13,'PC',11.7,21);
INSERT INTO "produto" VALUES(20602,'CAM. WEB DR.HANK VC-P060-CD1X 2.0MP NEGRO/PLATA',12.5,10,'PC',16.25,22);
INSERT INTO "produto" VALUES(20732,'CAM. WEB DR.HANK VC-P073-CP1B 2.0MP NEGRO',17,18,'PC',22.1,22);
INSERT INTO "produto" VALUES(20147,'CAM. WEB DR.HANK VC-P147-CP1B 2.0MP NEGRO',18,4,'PC',23.4,22);
INSERT INTO "produto" VALUES(14712,'CAM. WEB DR.HANK VC-P147-CP1F 2.0MP BLANCO',18,6,'PC',23.4,22);
INSERT INTO "produto" VALUES(15585,'CAM. WEB DR.HANK VC-P155-CP1B 5.0MP NEGRO',20,6,'PC',26,22);
INSERT INTO "produto" VALUES(52070,'CAM. WEB DR.HANK VC-V070-CD1J 5.0MP GRAFITE',22.5,7,'PC',29.25,22);
INSERT INTO "produto" VALUES(50478,'CAM. WEB DR.HANK VC-V090-CD1J 5.0MP GRAFITE',21,13,'PC',27.3,22);
INSERT INTO "produto" VALUES(25885,'CD-  DVD+R DL RIDATA 8.5GB TUBO 2.4X C/25 (G)',33,2,'PC',42.9,16);
INSERT INTO "produto" VALUES(10147,'CD-  DVD+R MAXELL 4.7GB TUBO 10 (G)',7,5,'PC',9.1,36);
INSERT INTO "produto" VALUES(721,'CD-  DVD+R MAXELL 4.7GB TUBO 50 (G)',19,15,'PC',24.7,36);
INSERT INTO "produto" VALUES(17678,'CD-  DVD-R DR.HANK 4.7GB TUBO 100 PRINTAB 8X (G)',26.5,1,'PC',34.45,22);
INSERT INTO "produto" VALUES(153,'CD-  DVD-R DR.HANK 4.7GB TUBO 50 8X (G)',20,15,'PC',26,22);
INSERT INTO "produto" VALUES(24750,'CD-  DVD-R MAXELL 4.7GB TUBO 25 (G)',12,16,'PC',15.6,36);
INSERT INTO "produto" VALUES(30110,'CD-  DVD-R PHILIPS TUBO DE 10 1.4GB (G)',7,16,'PC',9.1,37);
INSERT INTO "produto" VALUES(90925,'DVD PLAYER MOX 9" MO-9009 C/TV ROJO/NEGRO',115,15,'PC',149.5,67);
INSERT INTO "produto" VALUES(90610,'DVD PLAYER MOX MO-906 USB/SD/DVD/DVX/MP4 5.1',35,7,'PC',45.5,67);
INSERT INTO "produto" VALUES(70077,'DVD PLAYER MOX PORTATIL 7" MO-7007 C/TV BLANCO',96,1,'PC',124.8,67);
INSERT INTO "produto" VALUES(77969,'DVD PLAYER MOX PORTATIL 7" MO-7007 C/TV NEGRO',96,1,'PC',124.8,67);
INSERT INTO "produto" VALUES(27707,'DVD PLAYER MOX PORTATIL 7" MO-7007 C/TV ROJO',99,2,'PC',128.7,67);
INSERT INTO "produto" VALUES(80921,'DVD PLAYER SHARP BLUE RAY BD-HP21U ',230,1,'PC',299,29);
INSERT INTO "produto" VALUES(22150,'ESTAB 1500 MAXPOWER BIVOLT 2-220 1-110 (G)',28,17,'PC',36.4,44);
INSERT INTO "produto" VALUES(2351,'ESTAB 2000 MAXPOWER BIVOLT 2-220 1-110 (G)',30,15,'PC',39,44);
INSERT INTO "produto" VALUES(50220,'ESTAB 2000 WELI AVR-2000 220/50HZ',40,10,'PC',52,78);
INSERT INTO "produto" VALUES(10156,'ESTAB/TRANSF. ST-1000 MICROFINS BIVOLT 1-220/1-110',26,2,'PC',33.8,45);
INSERT INTO "produto" VALUES(15057,'ESTAB/TRANSF. ST-1500 MICROFINS BIVOLT 1-220/1-110',28,8,'PC',36.4,45);
INSERT INTO "produto" VALUES(20213,'ESTAB/TRANSF. ST-2000 MICROFINS BIVOLT 1-220/1-110',34,10,'PC',44.2,45);
INSERT INTO "produto" VALUES(60188,'FAN LGA P4 775P INTEL BASE COBRE P/ C2D',8,9,'PC',10.4,5);
INSERT INTO "produto" VALUES(352,'FAN P/ HD 2 FANS HD 3.5" OMEGA/EVERCOOL (G)',4,13,'PC',5.2,74);
INSERT INTO "produto" VALUES(28282,'FAN PGA K7 VIEWTECH AMD 2800-2CI BOX',5,6,'PC',6.5,39);
INSERT INTO "produto" VALUES(1975,'FAN PGA K7/P3 OMEGA 22ND50 BASE COBRE (G)',6,6,'PC',7.8,74);
INSERT INTO "produto" VALUES(2282,'FAN PGA K7/P3 OMEGA 22ND82 BASE COBRE (G)',5.5,15,'PC',7.15,74);
INSERT INTO "produto" VALUES(20267,'GAB/KIT P4 DR.HANK 2C67 4B NEGRO ',52,16,'PC',67.6,22);
INSERT INTO "produto" VALUES(57580,'GAB/KIT P4 DR.HANK 5758 JAGUAT. 6X1 300W',62,16,'PC',80.6,22);
INSERT INTO "produto" VALUES(6927,'GAB/KIT P4 DR.HANK 9487 ARIRANHA 1B NEGRO',57,11,'PC',74.1,22);
INSERT INTO "produto" VALUES(27849,'GAB/KIT P4 DR.HANK 9487 ARIRANHA ESPANHOL NEGRO',58,14,'PC',75.4,22);
INSERT INTO "produto" VALUES(75028,'GAB/KIT P4 MTEK MT-7502 NEGRO/PLATA 4B ABNT',42.5,12,'PC',55.25,51);
INSERT INTO "produto" VALUES(77505,'GAB/KIT P4 MTEK MT-7505 NEGRO/PLATA 4B ABNT',42,4,'PC',54.6,51);
INSERT INTO "produto" VALUES(17506,'GAB/KIT P4 MTEK MT-7506 NEGRO/PLATA 4B ABNT',42.5,11,'PC',55.25,51);
INSERT INTO "produto" VALUES(63306,'GPS TOMTOM  XL330-S',169,3,'PC',219.7,85);
INSERT INTO "produto" VALUES(50051,'HD EXT. USB 2.5" 500GB SAMSUNG BLANCO',95,8,'PC',123.5,11);
INSERT INTO "produto" VALUES(50052,'HD EXT. USB 2.5" 500GB SAMSUNG CHOCOLATE',94,5,'PC',122.2,11);
INSERT INTO "produto" VALUES(50053,'HD EXT. USB 2.5" 500GB SAMSUNG NEGRO',95,0,'PC',123.5,11);
INSERT INTO "produto" VALUES(624,'IMP EPSON TM-U220PD-653 S/KIT PARALELO 11',205,9,'PC',266.5,28);
INSERT INTO "produto" VALUES(32513,'IMP EPSON TM-U325D-031 SERIAL C/FONTE  V22',299,15,'PC',388.7,28);
INSERT INTO "produto" VALUES(32531,'IMP EPSON TM-U325PD-031 PARALELO C/FONTE ',315,7,'PC',409.5,28);
INSERT INTO "produto" VALUES(61660,'IMP HP DESKJET D1660 USB BIVOLT',46,5,'PC',59.8,29);
INSERT INTO "produto" VALUES(26605,'IMP HP DESKJET D2660 ',49,19,'PC',63.7,29);
INSERT INTO "produto" VALUES(15560,'IMP HP DESKJET D5560 WIRELES',66,3,'PC',85.8,29);
INSERT INTO "produto" VALUES(24805,'IMP HP DESKJET F2480 IMP/COP/SCAN NEGRO BIVOLT',76,16,'PC',98.8,29);
INSERT INTO "produto" VALUES(44801,'IMP HP DESKJET F4480 IMP/COP/SCAN (BIVOLT) NEGRO',80,0,'PC',104,29);
INSERT INTO "produto" VALUES(15181,'IMP HP LASERJET 1518NI COLOR RJ45',370,15,'PC',481,29);
INSERT INTO "produto" VALUES(11312,'IMP HP LASERJET CM1312 MFP COLOR IMP/SCAN/COP ',495,5,'PC',643.5,29);
INSERT INTO "produto" VALUES(11215,'IMP HP LASERJET CP1215 USB COLOR',285,4,'PC',370.5,29);
INSERT INTO "produto" VALUES(20350,'IMP HP LASERJET P2035 USB 1200DPI (110V)',300,16,'PC',390,29);
INSERT INTO "produto" VALUES(60623,'IMP HP OFFICEJET 6000 (CB051A) PRINTER',108,7,'PC',140.4,29);
INSERT INTO "produto" VALUES(47011,'IMP HP OFFICEJET H470B P/NOTEBOOK NEGRO',330,17,'PC',429,29);
INSERT INTO "produto" VALUES(13680,'IMP HP OFFICEJET J3680 IMP/COP/SCA/FAX/TEL(BIV)',100,8,'PC',130,29);
INSERT INTO "produto" VALUES(14660,'IMP HP OFFICEJET J4660 IMP/COP/SCA/FAX/TEL  BIVOLT',129,8,'PC',167.7,29);
INSERT INTO "produto" VALUES(38000,'IMP HP OFFICEJET PRO 8000 RJ45',135,6,'PC',175.5,29);
INSERT INTO "produto" VALUES(46353,'IMP HP PHOTOSMART C4635 IMP/COP/SCAN NEGRO',83,12,'PC',107.9,29);
INSERT INTO "produto" VALUES(46805,'IMP HP PHOTOSMART C4680 IMP/COP/SCAN NEGRO',92,18,'PC',119.6,29);
INSERT INTO "produto" VALUES(47808,'IMP HP PHOTOSMART C4780 IMP/COP/SCAN WIRE NEG',123,9,'PC',159.9,29);
INSERT INTO "produto" VALUES(55580,'IMP HP PHOTOSMART C5580 IMP/COP/SCAN BLUE/CD/DVD',120,2,'PC',156,29);
INSERT INTO "produto" VALUES(15655,'MB P7 1156P 4.8GT/S ASUS SABERTOOTH 55I S/R',245,0,'PC',318.5,61);
INSERT INTO "produto" VALUES(55613,'MB P7 1156P 4.8GT/S INTEL DH55TC i7 S/V/R HDMI',120,14,'PC',156,40);
INSERT INTO "produto" VALUES(8587,'MEM DDR  512MB 333MHZ PC2700 CORSAIR',25,11,'PC',32.5,50);
INSERT INTO "produto" VALUES(8589,'MEM DDR 1024MB 333MHZ PC2700 CORSAIR',45,9,'PC',58.5,50);
INSERT INTO "produto" VALUES(2582,'MEM DDR2 1024MB 533MHZ PC4200 CORSAIR',33,18,'PC',42.9,50);
INSERT INTO "produto" VALUES(3505,'MEM DDR2 1024MB 667MHZ PC5300 CORSAIR',34,18,'PC',44.2,50);
INSERT INTO "produto" VALUES(5773,'MEM DDR2 1024MB 800MHZ PC6400 CORSAIR C/DISSIP.',34,12,'PC',44.2,50);
INSERT INTO "produto" VALUES(1035,'MEM DDR2 1024MB ECC REG.400MHZ SAMSUNG',80,9,'PC',104,11);
INSERT INTO "produto" VALUES(124,'MEM DDR2 1024MB-1066MHZ CORSAIR DOMINATOR',37,12,'PC',48.1,50);
INSERT INTO "produto" VALUES(9154,'MEM DDR2 2048MB 667MHZ CORSAIR',55,15,'PC',71.5,50);
INSERT INTO "produto" VALUES(448,'MEM DDR2 2048MB 667MHZ KINGSTON',57,12,'PC',74.1,96);
INSERT INTO "produto" VALUES(22481,'MEM DDR2 2048MB-1066MHZ CORSAIR C/DISSIP.',74,12,'PC',96.2,50);
INSERT INTO "produto" VALUES(28500,'MEM DDR2 4096MB-1066MHZ KIT 2GBX2+COOLER CORSAIR',180,17,'PC',234,50);
INSERT INTO "produto" VALUES(32048,'MEM DDR3 2048MB 1600MHZ PC12800 CORSAIR C/DISSIP.',80,18,'PC',104,50);
INSERT INTO "produto" VALUES(42216,'MEM DDR3 2048MB 1600MHZ PC12800 DOMINT. CORSAIR ',90,12,'PC',117,50);
INSERT INTO "produto" VALUES(18018,'MIC. E FONE DR.HANK EP-H180',6.5,16,'PC',8.45,22);
INSERT INTO "produto" VALUES(597,'MIC. E FONE DR.HANK EP-H298',5.5,10,'PC',7.15,22);
INSERT INTO "produto" VALUES(96096,'MIC. E FONE DR.HANK EP-H960',6.5,13,'PC',8.45,22);
INSERT INTO "produto" VALUES(63220,'MIC. E FONE DR.HANK EP-N220',5.5,11,'PC',7.15,22);
INSERT INTO "produto" VALUES(98044,'MIC. E FONE LOG.980445 PREMIUM HEADSET',69,1,'PC',89.7,8);
INSERT INTO "produto" VALUES(84981,'MIC. E FONE LOG.981-000084 CLEARCHAT PREMIUM',21.5,2,'PC',27.95,8);
INSERT INTO "produto" VALUES(48711,'MIC. E FONE MAXELL  HMIC1 NEGRO (G)',8,13,'PC',10.4,36);
INSERT INTO "produto" VALUES(87082,'MIC. E FONE MTEK LH870',7.5,1,'PC',9.75,51);
INSERT INTO "produto" VALUES(87280,'MIC. E FONE MTEK LH872',8,9,'PC',10.4,51);
INSERT INTO "produto" VALUES(8573,'MIC. E FONE SATEL. AE-216LB',3,13,'PC',3.9,64);
INSERT INTO "produto" VALUES(9161,'MIC. E FONE SATEL. AE-260',6.5,18,'PC',8.45,64);
INSERT INTO "produto" VALUES(3197,'MIC. E FONE SATEL. AE-321',5.5,14,'PC',7.15,64);
INSERT INTO "produto" VALUES(32324,'MIC. E FONE SATEL. AE-324 USB 5.1 HEADPHONE',19,11,'PC',24.7,64);
INSERT INTO "produto" VALUES(3196,'MIC. E FONE SATEL. AE-335',6,12,'PC',7.8,64);
INSERT INTO "produto" VALUES(8096,'MIC. E FONE SATEL. AE-666AM',2.5,1,'PC',3.25,64);
INSERT INTO "produto" VALUES(9163,'MIC. E FONE SATEL. AE-668',5.5,14,'PC',7.15,64);
INSERT INTO "produto" VALUES(9164,'MIC. E FONE SATEL. AE-669',5,5,'PC',6.5,64);
INSERT INTO "produto" VALUES(9165,'MIC. E FONE SATEL. AE-880',10,7,'PC',13,64);
INSERT INTO "produto" VALUES(9166,'MIC. E FONE SATEL. AE-980',6.5,10,'PC',8.45,64);
INSERT INTO "produto" VALUES(28800,'MOUSE PS2 BAK BK-MX800A NEGRO TOUCH SCROLL',5,18,'PC',6.5,10);
INSERT INTO "produto" VALUES(38800,'MOUSE PS2 BAK BK-MX800B PLATA TOUCH SCROLL',5,13,'PC',6.5,10);
INSERT INTO "produto" VALUES(80800,'MOUSE PS2 BAK BK-MX800C NEGRO TOUCH SCROLL',5,19,'PC',6.5,10);
INSERT INTO "produto" VALUES(60800,'MOUSE PS2 BAK BK-MX800D NEGRO TOUCH SCROLL',5,10,'PC',6.5,10);
INSERT INTO "produto" VALUES(10800,'MOUSE PS2 BAK BK-MX800E PLATA TOUCH SCROLL',5,16,'PC',6.5,10);
INSERT INTO "produto" VALUES(11800,'MOUSE PS2 BAK BK-MX800F NEGRO TOUCH SCROLL',5,6,'PC',6.5,10);
INSERT INTO "produto" VALUES(55105,'MOUSE PS2 DR.HANK MO-105P-PX1F MINI BLANCO',4.5,5,'PC',5.85,22);
INSERT INTO "produto" VALUES(5903,'MOUSE PS2 DR.HANK MO-A33P-P80A BLANCO',3,2,'PC',3.9,22);
INSERT INTO "produto" VALUES(4849,'MOUSE PS2 DR.HANK MO-I13P-P80K BLANCO',5.5,11,'PC',7.15,22);
INSERT INTO "produto" VALUES(256,'MOUSE PS2 GENIUS EASY 2B BOX',1.5,6,'PC',1.95,19);
INSERT INTO "produto" VALUES(8822,'MOUSE PS2 GENIUS NETSCROLL+ 2B BLANCO BOX',2,0,'PC',2.6,19);
INSERT INTO "produto" VALUES(55520,'MOUSE PS2 LG 3D-520 BLANCO/PLATA OPTICO',7,16,'PC',9.1,5);
INSERT INTO "produto" VALUES(6875,'MOUSE PS2 MTEK 2B BLANCO M5B NET BOX',1.25,6,'PC',1.63,51);
INSERT INTO "produto" VALUES(9983,'MOUSE PS2 MTEK B130 BLANCO OPT.',3.75,9,'PC',4.88,51);
INSERT INTO "produto" VALUES(9984,'MOUSE PS2 MTEK B130 NEGRO/PLATA OPT.',5.5,11,'PC',7.15,51);
INSERT INTO "produto" VALUES(9985,'MOUSE PS2 MTEK B130 PLATA/NEGRO OPT.',5.5,18,'PC',7.15,51);
INSERT INTO "produto" VALUES(13313,'MOUSE PS2 PIXXO MO-I133 NEGRO OPTICO',8,11,'PC',10.4,26);
INSERT INTO "produto" VALUES(4909,'MOUSE PS2 SATEL. A5 NEGRO OPTICO',8,9,'PC',10.4,64);
INSERT INTO "produto" VALUES(24830,'MOUSE S/F DR.HANK MR-830B-GPEF NEGRO/PLATA',17,1,'PC',22.1,22);
INSERT INTO "produto" VALUES(33113,'MOUSE S/F PIXXO MA-C133+G5 NEGRO OPTICO',15,0,'PC',19.5,26);
INSERT INTO "produto" VALUES(9666,'MOUSE S/F SATEL. A-26P WIRELESS NEGRO',12,3,'PC',15.6,64);
INSERT INTO "produto" VALUES(51253,'MOUSE S/F TARGUS 2.4G AMW51US WIRELESS',43,18,'PC',55.9,60);
INSERT INTO "produto" VALUES(80120,'MOUSE U+P LG XM-120 MINI NEGRO/ROJO OPTICO',8.5,11,'PC',11.05,5);
INSERT INTO "produto" VALUES(66510,'MOUSE U+P LG XM-510 3D NEGRO OPTICO',7.5,18,'PC',9.75,5);
INSERT INTO "produto" VALUES(15520,'MOUSE U+P LG XM-520 3D ROJO OPTICO',8,13,'PC',10.4,5);
INSERT INTO "produto" VALUES(10113,'MOUSE U+P MICROSOFT B75-00113 INTELLIMOUSE EX 3.0 ',47,6,'PC',61.1,40);
INSERT INTO "produto" VALUES(9977,'MOUSE U+P MTEK B80 BLANCO OPT.',6,7,'PC',7.8,51);
INSERT INTO "produto" VALUES(9304,'MOUSE U+P SATEL. A-21 OPT. NEGRO',9,11,'PC',11.7,64);
INSERT INTO "produto" VALUES(9306,'MOUSE U+P SATEL. A-21S OPTICO PLATEADO',9,9,'PC',11.7,64);
INSERT INTO "produto" VALUES(18669,'MP10 MINI EXACTUS EX601 4B/2CH/TV/2C NEGRO',68,14,'PC',88.4,66);
INSERT INTO "produto" VALUES(33728,'MP10 MINI EXACTUS EXN8+ 4B/2CH/TV/2C BLANCO',69,4,'PC',89.7,66);
INSERT INTO "produto" VALUES(81718,'MP10 MINI EXACTUS EXN8i 4B/2CH/TV/2C BLANCO',67,8,'PC',87.1,66);
INSERT INTO "produto" VALUES(24087,'MP10 MINI EXACTUS EXN8i 4B/2CH/TV/2C NEGRO',67,4,'PC',87.1,66);
INSERT INTO "produto" VALUES(54293,'MP10 MINI EXACTUS EXN8i 4B/2CH/TV/2C ROJO',67,0,'PC',87.1,66);
INSERT INTO "produto" VALUES(32580,'MP10 MINI EXACTUS EXN8I 4B/2CH/TV/2C ROSADO',67,8,'PC',87.1,66);
INSERT INTO "produto" VALUES(86242,'MP10 MOX MO-862 4B/2CH/TV/2C BLANCO',85,3,'PC',110.5,67);
INSERT INTO "produto" VALUES(10863,'MP10 MOX MO-863 4B/2CH/TV/2C BLANCO',92,11,'PC',119.6,67);
INSERT INTO "produto" VALUES(86387,'MP10 MOX MO-863 4B/2CH/TV/2C NEGRO',92,4,'PC',119.6,67);
INSERT INTO "produto" VALUES(86351,'MP10 MOX MO-863 4B/2CH/TV/2C ROJO',92,19,'PC',119.6,67);
INSERT INTO "produto" VALUES(86424,'MP10 MOX MO-864 4B/2CH/TV/2C AZUL',92,1,'PC',119.6,67);
INSERT INTO "produto" VALUES(86435,'MP10 MOX MO-864 4B/2CH/TV/2C NEGRO',92,15,'PC',119.6,67);
INSERT INTO "produto" VALUES(14722,'MP3   4GB TRANSCEND MP320R ROSADO',37,19,'PC',48.1,56);
INSERT INTO "produto" VALUES(13073,'MP3  BAK BK-MP307 C/ LEITOR MICRO SD NEGRO',12,0,'PC',15.6,10);
INSERT INTO "produto" VALUES(33071,'MP3  BAK BK-MP307 C/ LEITOR MICRO SD PLATA',12,4,'PC',15.6,10);
INSERT INTO "produto" VALUES(30716,'MP3  BAK BK-MP307 C/ LEITOR MICRO SD ROSADO',12,3,'PC',15.6,10);
INSERT INTO "produto" VALUES(24307,'MP3  BAK BK-MP307 C/ LEITOR MICRO SD VERDE',12,13,'PC',15.6,10);
INSERT INTO "produto" VALUES(16833,'MP3 FM TRANSMITER BAK BK-H168BT BLUETOOT NEGRO',25,18,'PC',32.5,10);
INSERT INTO "produto" VALUES(352,'MP4     CABO USB MEGASTON (B)',0.7,7,'PC',0.91,100);
INSERT INTO "produto" VALUES(551,'MP4     CAPA BORRACHA MEGASTON SLIM (B)',0.7,8,'PC',0.91,100);
INSERT INTO "produto" VALUES(580,'MP4     CARREGADOR MEGASTON FS-58-66/AD5540 (B)',2.1,19,'PC',2.73,100);
INSERT INTO "produto" VALUES(12153,'MP4   1GB MEGASTON MS-0153 C/SPEAKER NEGRO (B)',24,16,'PC',31.2,100);
INSERT INTO "produto" VALUES(894,'MP4   1GB MEGASTON WE-100  C/SPEAKER C/SLOT SD(B)',25,4,'PC',32.5,100);
INSERT INTO "produto" VALUES(1894,'MP4   2GB MEGASTON MS-153 PINK (B)',25,18,'PC',32.5,100);
INSERT INTO "produto" VALUES(632,'MP4   2GB MEGASTON MS-153 VERDE (B)',28,13,'PC',36.4,100);
INSERT INTO "produto" VALUES(88501,'MP4   4GB QUANTA QN-100 USB NEGRO (B)',27,9,'PC',35.1,70);
INSERT INTO "produto" VALUES(28850,'MP4   4GB QUANTA QN-100 USB PLATA (B)',27,17,'PC',35.1,70);
INSERT INTO "produto" VALUES(10085,'MP4   4GB QUANTA QN-100 USB ROSADO (B)',27,4,'PC',35.1,70);
INSERT INTO "produto" VALUES(42846,'MP4   4GB SHARK DJ-428W  USB  NEGRO ',29,1,'PC',37.7,47);
INSERT INTO "produto" VALUES(48269,'MP4   4GB SHARK DJ-428W USB GRIS',29,4,'PC',37.7,47);
INSERT INTO "produto" VALUES(261,'MP4   8GB IPOD APPLE NANO NEGRO',160,6,'PC',208,7);
INSERT INTO "produto" VALUES(253,'MP4   8GB IPOD APPLE NANO ROSADO',160,0,'PC',208,7);
INSERT INTO "produto" VALUES(93263,'MP7 BAK MP-710S 4B/2CH/TV/1C NEGRO/PLATA',65,15,'PC',84.5,10);
INSERT INTO "produto" VALUES(25710,'MP7 BAK MP-710S 4B/2CH/TV/1C ROJO/PLATA',68,2,'PC',88.4,10);
INSERT INTO "produto" VALUES(71293,'MP7 BAK MP-710S 4B/2CH/TV/1C ROSADO/PLATA',68,5,'PC',88.4,10);
INSERT INTO "produto" VALUES(11712,'MP7 BAK MP-712S 4B/2CH/TV/1C NEGRO/PLATA',68,8,'PC',88.4,10);
INSERT INTO "produto" VALUES(13712,'MP7 BAK MP-712S 4B/2CH/TV/1C ROJO/PLATA',68,14,'PC',88.4,10);
INSERT INTO "produto" VALUES(92519,'MP7 SATELITE AP92 4B/2CH/TV/1G/2CAM NEGRO',83,8,'PC',107.9,83);
INSERT INTO "produto" VALUES(13118,'MP8 BAK MP-825 4B/2CHIP/TV/2C NEGRO',71,17,'PC',92.3,10);
INSERT INTO "produto" VALUES(19200,'MP8 BAK MP-825 4B/2CHIP/TV/2C ROSADO',71,3,'PC',92.3,10);
INSERT INTO "produto" VALUES(19029,'MP9 BAK MP-902G 4B/2CH/TV/2C BLANCO/PLATA',83,7,'PC',107.9,10);
INSERT INTO "produto" VALUES(25679,'MP9 BAK MP-902G 4B/2CH/TV/2C GRIS OSCURO',88,14,'PC',114.4,10);
INSERT INTO "produto" VALUES(90263,'MP9 BAK MP-902G 4B/2CH/TV/2C ROSADO',83,17,'PC',107.9,10);
INSERT INTO "produto" VALUES(31975,'MP9 BAK MP-9715 4B/2CH/TV/2C BLANCO',87,0,'PC',113.1,10);
INSERT INTO "produto" VALUES(19715,'MP9 BAK MP-9715 4B/2CH/TV/2C NEGRO',87,13,'PC',113.1,10);
INSERT INTO "produto" VALUES(15097,'MP9 BAK MP-9715 4B/2CH/TV/2C ROSADO',89,2,'PC',115.7,10);
INSERT INTO "produto" VALUES(97531,'MP9 BAK MP-9735 4B/2CH/TV/2C BLANCO/AZUL',87,15,'PC',113.1,10);
INSERT INTO "produto" VALUES(35179,'MP9 BAK MP-9735 4B/2CH/TV/2C NEGRO',87,9,'PC',113.1,10);
INSERT INTO "produto" VALUES(79135,'MP9 BAK MP-9735 4B/2CH/TV/2C ROJO',87,18,'PC',113.1,10);
INSERT INTO "produto" VALUES(97350,'MP9 BAK MP-9735 4B/2CH/TV/2C ROSADO',87,17,'PC',113.1,10);
INSERT INTO "produto" VALUES(21999,'MP9 COBY MP-999 3B/2CH/TV/2G/2C PLATA (B)',89,11,'PC',115.7,43);
INSERT INTO "produto" VALUES(32641,'ANTIVIRUS  LICENCA PANDA NET SECURITY 2010 (G)',32,1,'PC',41.6,3);
INSERT INTO "produto" VALUES(84269,'ANTIVIRUS PANDA ANTIVIRUS PRO 2009 (G)',60,13,'PC',78,3);
INSERT INTO "produto" VALUES(56010,'ANTIVIRUS PANDA ANTIVIRUS PRO 2010 (G)',60,11,'PC',78,3);
INSERT INTO "produto" VALUES(69834,'ANTIVIRUS PANDA GLOBAL PROTECTION 2009 (G)',81,16,'PC',105.3,3);
INSERT INTO "produto" VALUES(5139,'NB  DRIVE EXT. USB TOSHIBA  BOX',17.5,11,'PC',22.75,76);
INSERT INTO "produto" VALUES(15175,'NB  FAN COOLERMASTER C-HL04-KP AIR STASH NEGRO',42,18,'PC',54.6,101);
INSERT INTO "produto" VALUES(52781,'NB  FAN COOLERMASTER NOTEPAL A1 NEGRO',31,10,'PC',40.3,101);
INSERT INTO "produto" VALUES(14561,'NB  FAN COOLERMASTER NOTEPAL INFINITE AZUL',51,7,'PC',66.3,101);
INSERT INTO "produto" VALUES(14578,'NB  FAN COOLERMASTER NOTEPAL INFINITE BLANCO',51,7,'PC',66.3,101);
INSERT INTO "produto" VALUES(16640,'NB  FAN COOLERMASTER NOTEPAL U2 NEGRO',33,13,'PC',42.9,101);
INSERT INTO "produto" VALUES(12130,'NB  FAN COOLERMASTER NOTEPAL X1 NEGRO',47,2,'PC',61.1,101);
INSERT INTO "produto" VALUES(15988,'NB  FAN COOLERMASTER NOTEPAL X2 NEGRO',40,17,'PC',52,101);
INSERT INTO "produto" VALUES(79441,'NB  FAN MICROSOFT 1388 BLANCO',33,9,'PC',42.9,65);
INSERT INTO "produto" VALUES(13885,'NB  FAN MICROSOFT 1388 NEGRO',36,8,'PC',46.8,65);
INSERT INTO "produto" VALUES(47852,'NB  FONTE UNIVERSAL BAK BK-826 90W',14,6,'PC',18.2,10);
INSERT INTO "produto" VALUES(90294,'NB  FONTE UNIVERSAL DR.HANK PA-U90B P/ NB',52,7,'PC',67.6,22);
INSERT INTO "produto" VALUES(90328,'NB  FONTE UNIVERSAL X-TECH  XT-SC902',30,17,'PC',39,59);
INSERT INTO "produto" VALUES(39005,'NB  MALETA  8.9/10" MICROSOFT NEOPRENE  NEGRO (G)',24,15,'PC',31.2,65);
INSERT INTO "produto" VALUES(21043,'NB  MALETA 10.4" SATELLITE AK-P10 ',10,16,'PC',13,27);
INSERT INTO "produto" VALUES(13390,'NB  MALETA 13" SATELLITE AK-P90 CORO SINTETICO',15,19,'PC',19.5,27);
INSERT INTO "produto" VALUES(40141,'NB  MALETA 14" SATELLITE AK-P40 CORO SINTETICO',15,10,'PC',19.5,27);
INSERT INTO "produto" VALUES(90890,'NB  MALETA 15" EEBAG 09089 NEGRO (G)',29,17,'PC',37.7,73);
INSERT INTO "produto" VALUES(90900,'NB  MALETA 15" EEBAG 09090 NEGRO (G)',29,0,'PC',37.7,73);
INSERT INTO "produto" VALUES(90910,'NB  MALETA 15" EEBAG 09091 NEGRO (G)',24,2,'PC',31.2,73);
INSERT INTO "produto" VALUES(90930,'NB  MALETA 15" EEBAG 09093 NEGRO (G)',24,7,'PC',31.2,73);
INSERT INTO "produto" VALUES(90940,'NB  MALETA 15" EEBAG 09094 NEGRO (G)',22,8,'PC',28.6,73);
INSERT INTO "produto" VALUES(90950,'NB  MALETA 15" EEBAG 09095 NEGRO (G)',22,4,'PC',28.6,73);
INSERT INTO "produto" VALUES(90960,'NB  MALETA 15" EEBAG 09096 NEGRO (G)',17,12,'PC',22.1,73);
INSERT INTO "produto" VALUES(39007,'NB  MALETA 15" MICROSOFT 39007 NEGRO ',37,3,'PC',48.1,65);
INSERT INTO "produto" VALUES(65824,'NB  MALETA 15.4" OMEGA LADY 658245 BEGE/MAR. (G)',24,10,'PC',31.2,74);
INSERT INTO "produto" VALUES(40154,'NB  MALETA 15.4" SATELLITE AK-P40',18,0,'PC',23.4,27);
INSERT INTO "produto" VALUES(51370,'NB  MOCHILA 14" EEBAG 05137 C/RODA NEGRO (G)',33,2,'PC',42.9,73);
INSERT INTO "produto" VALUES(87036,'NB  MOCHILA 14" SWISS 8703 NEGRO (G)',28,18,'PC',36.4,75);
INSERT INTO "produto" VALUES(63468,'NB  MOCHILA 15" HP 634 VERDE (G)',26,1,'PC',33.8,29);
INSERT INTO "produto" VALUES(63586,'NB  MOCHILA 15" HP 635 ROJO (G)',26,3,'PC',33.8,29);
INSERT INTO "produto" VALUES(63685,'NB  MOCHILA 15" HP 636 GRIS (G)',26,13,'PC',33.8,29);
INSERT INTO "produto" VALUES(18029,'NB  MOCHILA 15" HP-CPQ K8029W NEGRO/NARANJA',33,17,'PC',42.9,29);
INSERT INTO "produto" VALUES(39305,'NB  MOCHILA 15" MICROSOFT 39305 NEGRO/GRIS',49,10,'PC',63.7,65);
INSERT INTO "produto" VALUES(20855,'NB  MOCHILA 17" SWISS 2085 ROJO/NEGRO (G)',27,6,'PC',35.1,75);
INSERT INTO "produto" VALUES(60195,'NB  PAD COOLERMASTER C-HS01-GE VERDE LIMON',26,19,'PC',33.8,101);
INSERT INTO "produto" VALUES(76002,'NB  PROTETOR 13.4" TARGUS TSS076US NE/AZ (G)',22.5,14,'PC',29.25,60);
INSERT INTO "produto" VALUES(20651,'NB  MOCHILA 15" PARA NB ACER S2065 VERDE',34,7,'PC',44.2,62);
INSERT INTO "produto" VALUES(20666,'NB  MOCHILA 15" PARA NB ACER S2066 NEGRO',33,14,'PC',42.9,62);
INSERT INTO "produto" VALUES(90142,'NB  MOCHILA 15" SWISS 0914 GRIS (G)',35,6,'PC',45.5,75);
INSERT INTO "produto" VALUES(10307,'NB  MOCHILA 15" SWISS 1030 GRIS/NEGRO (G)',28,16,'PC',36.4,75);
INSERT INTO "produto" VALUES(40365,'NB  MOCHILA 15" SWISS 1030 ROJO/NEGRO (G)',28,4,'PC',36.4,75);
INSERT INTO "produto" VALUES(10322,'NB  MOCHILA 15" SWISS 1030 VERDE/NEGRO (G)',28,9,'PC',36.4,75);
INSERT INTO "produto" VALUES(33313,'NB  MOCHILA 15" SWISS 2086 AZUL/NEGRO (G)',28,15,'PC',36.4,75);
INSERT INTO "produto" VALUES(73031,'NB  MOCHILA 15" SWISS 2086 ROJO/NEGRO (G)',28,17,'PC',36.4,75);
INSERT INTO "produto" VALUES(18030,'NB  MOCHILA 15/17" HP K8030 VERDE/PLATA ',33,18,'PC',42.9,29);
INSERT INTO "produto" VALUES(52462,'NB ACER  AO532H-2462 ATOM 1.66/2/250/C/10.1 PLATA',385,8,'PC',500.5,62);
INSERT INTO "produto" VALUES(25884,'NB ACER  AO532H-2588 ATOM 1.66/1/160/C/10.1 AZUL',370,8,'PC',481,62);
INSERT INTO "produto" VALUES(27763,'NB ACER  AO752-2776 CEL 1.3/3/320/C/11.6"NE 6CELL',485,8,'PC',630.5,62);
INSERT INTO "produto" VALUES(11016,'NB ACER  AOA110-1564 ATOM 1.6/1.5/8G/C/8.9PT AZUL',268,2,'PC',348.4,62);
INSERT INTO "produto" VALUES(11672,'NB ACER  AOD250-1167 ATOM 1.6/2/250/C/10.1" NEGRO',378,19,'PC',491.4,62);
INSERT INTO "produto" VALUES(11972,'NB ACER  AOD250-1197 ATOM 1.6/ 1/250/C/10 AZUL W',375,13,'PC',487.5,62);
INSERT INTO "produto" VALUES(14281,'NB ACER  AOD250-1428 ATOM 1.6/1/250/C/10" AZUL',415,15,'PC',539.5,62);
INSERT INTO "produto" VALUES(52322,'NB ACER 5516-5232 ATH 1.6/2/160/RW/C/15.6"',450,9,'PC',585,62);
INSERT INTO "produto" VALUES(38108,'NB ACER 5517-5497 ATH 1.6/2/160/RW/C/15"',450,18,'PC',585,62);
INSERT INTO "produto" VALUES(55384,'NB ACER 5538-1672 ATHX2 1.2/4/250/RW/C/15"',635,15,'PC',825.5,62);
INSERT INTO "produto" VALUES(51325,'NB ACER 5542-1325 ATHII 2.0/3/320/RW/C/15.6"',570,6,'PC',741,62);
INSERT INTO "produto" VALUES(54164,'NB ACER 5542-5416 TURII 2.2/4/320/BRW/C/15.6"',775,16,'PC',1007.5,62);
INSERT INTO "produto" VALUES(54796,'NB ACER 5542-5479 TX2 2.2/4/500/RW/C/15.6"',685,17,'PC',890.5,62);
INSERT INTO "produto" VALUES(57826,'NB ACER 5542-5786 TX2 2.2/4/500/BRW/C/15.6"',775,8,'PC',1007.5,62);
INSERT INTO "produto" VALUES(60693,'NB ACER 5738-6069 C2D 2.2/3/320/RW/C/15.6"',725,15,'PC',942.5,62);
INSERT INTO "produto" VALUES(60694,'NB ACER 5738-6069 C2D 2.2/4/320/RW/C/15.6"',750,9,'PC',975,62);
INSERT INTO "produto" VALUES(57386,'NB ACER 5738-6069 C2D 2.2/4/500/RW/C/15.6"',770,15,'PC',1001,62);
INSERT INTO "produto" VALUES(56536,'NB ACER 5738-6536 C2D 2.2/4/500/BRW/C/15.6" PT',895,2,'PC',1163.5,62);
INSERT INTO "produto" VALUES(57401,'NB ACER 5740-5255 CI3 2.13/4/320/RW/CAM/15.6" W',735,18,'PC',955.5,62);
INSERT INTO "produto" VALUES(58473,'NB ACER 5740-5847 CI3 2.13/3/320/RW/C/15.6" W7',680,13,'PC',884,62);
INSERT INTO "produto" VALUES(66574,'NB ACER 5740-6657 CI5 2.26/4/320/RW/C/15.6" ',790,13,'PC',1027,62);
INSERT INTO "produto" VALUES(19452,'NB ACER F0200-1945 FERRARI ATHX2 1.2/2/320/11.6" ',720,14,'PC',936,62);
INSERT INTO "produto" VALUES(27111,'NB ASUS 1001HA ATOM 1.6/1/160/C/10" W7 BLANCO',310,6,'PC',403,61);
INSERT INTO "produto" VALUES(11027,'NB ASUS 1001HA ATOM 1.6/1/160/C/10" W7 NEGRO',310,0,'PC',403,61);
INSERT INTO "produto" VALUES(27721,'NB ASUS 1005HA ATOM 1.6/1/160/C/10" W7 NEGRO',345,2,'PC',448.5,61);
INSERT INTO "produto" VALUES(15161,'NB ASUS 1005PE ATOM 1.66/1/160/C/10" W7 NEGRO',355,0,'PC',461.5,61);
INSERT INTO "produto" VALUES(11008,'NB ASUS 1008HA ATOM 1.66/1/160/C/10" XP NEGRO',360,10,'PC',468,61);
INSERT INTO "produto" VALUES(20125,'NB ASUS 1201HA ATOM 1.33/2/250/C/12" W7 NEGRO',430,6,'PC',559,61);
INSERT INTO "produto" VALUES(57904,'NB SONY BZ579TBB C2D 2.2/4/320/RW/C/15"',920,16,'PC',1196,14);
INSERT INTO "produto" VALUES(14432,'NB SONY CW14FX/R C2D 2.2/4/320/RW/C/14" ROJO W7',985,18,'PC',1280.5,14);
INSERT INTO "produto" VALUES(21450,'NB SONY CW21FX/L CI3 2.13/4/500/RW/C/14" W7',990,5,'PC',1287,14);
INSERT INTO "produto" VALUES(32213,'NB SONY CW21FX/R CI3 2.13/4/500/RW/C/14" W7',990,15,'PC',1287,14);
INSERT INTO "produto" VALUES(21236,'NB SONY CW21FX/W CI3 2.13/4/500/RW/C/14" W7',990,19,'PC',1287,14);
INSERT INTO "produto" VALUES(27077,'NB SONY NW270F/P C2D 2.2/4/320/BRW/C/15.5" W7',940,4,'PC',1222,14);
INSERT INTO "produto" VALUES(20234,'NB SONY NW320F/P C2D 2.2/4/320/RW/C/15.5" ROS W7',860,14,'PC',1118,14);
INSERT INTO "produto" VALUES(33222,'NB SONY NW330F/P C2D 2.2/4/500/RW/C/15.5" W7',920,14,'PC',1196,14);
INSERT INTO "produto" VALUES(23304,'NB SONY NW330F/T C2D 2.2/4/500/RW/C/15.5" W7',920,18,'PC',1196,14);
INSERT INTO "produto" VALUES(35032,'NB SONY NW350F/S C2D 2.2/4/320/RW/C/15.5" W7 PLA',900,5,'PC',1170,14);
INSERT INTO "produto" VALUES(59820,'NB SONY P598E/Q ATOM 1.33/2/128/C/8" NEGRO',815,5,'PC',1059.5,14);
INSERT INTO "produto" VALUES(25121,'NB SONY W121AX/W 1.66/1/250/C/10" BLANCO W7',570,3,'PC',741,14);
INSERT INTO "produto" VALUES(49704,'NB TO M505-S4970WH TURII 2.2/4/500/RW/C/14.1"',770,10,'PC',1001,102);
INSERT INTO "produto" VALUES(20210,'NB TO NB205-N210 ATOM 1.66/1/160/CAM/10" NEGRO',390,4,'PC',507,102);
INSERT INTO "produto" VALUES(20531,'NB TO NB205-N312BL ATOM 1.66/1/160/CAM/10"',365,6,'PC',474.5,102);
INSERT INTO "produto" VALUES(32550,'NB TO NB205-N325BL ATOM 1.66/1/160/C/10"W7 AZUL',365,12,'PC',474.5,102);
INSERT INTO "produto" VALUES(11205,'NB TO T115D-S1120 ATH NEO 1.6/2/250/C/11" W7',575,19,'PC',747.5,102);
INSERT INTO "produto" VALUES(11589,'NB TO T115D-S1125 ATH NEO X2 1.5/2/320/CAM/13" W7',630,11,'PC',819,102);
INSERT INTO "produto" VALUES(13053,'NB TO T135-S1305 PENTIUM 1.3/3/320/C/13.3" W7',800,8,'PC',1040,102);
INSERT INTO "produto" VALUES(20058,'NB TO U505-S2005PK CI3 2.1/4/500/RW/CAM/13"W7',910,19,'PC',1183,102);
INSERT INTO "produto" VALUES(353,'FAN P/GAB EXAUSTOR BLOWER (G)',4,17,'PC',5.2,102);
INSERT INTO "produto" VALUES(55206,'NB TO U505-S2006RD CI3 2.1/4/500/RW/C/13.3" W7',910,6,'PC',1183,102);
INSERT INTO "produto" VALUES(20065,'NB TO U505-S2006WH CI3 2.13/4/500/RW/C/13.3"BLW7',920,19,'PC',1196,102);
INSERT INTO "produto" VALUES(50229,'NB TO U505-S2965WH C2D 2.2/4/320/RW/C/13" BLAN.W7',920,16,'PC',1196,102);
INSERT INTO "produto" VALUES(45303,'CABO DVI VIDEO (LDPE)',5.5,7,'PC',7.15,1);
INSERT INTO "produto" VALUES(99220,'NOBREAK FORZA  900VA/450W FX-900LCD-U 220V ',96,0,'PC',124.8,77);
INSERT INTO "produto" VALUES(611,'NOBREAK FORZA 1000W SL-1001 110V ',108,3,'PC',140.4,77);
INSERT INTO "produto" VALUES(211,'NOBREAK FORZA 1000W SL-1002U 220V ',107,6,'PC',139.1,77);
INSERT INTO "produto" VALUES(22480,'NOBREAK FORZA 1200W UPS FX2200LCD 110V  ',215,15,'PC',279.5,77);
INSERT INTO "produto" VALUES(65020,'NOBREAK WELI  650W LG-650 220V ',72,18,'PC',93.6,5);
INSERT INTO "produto" VALUES(33800,'NOBREAK WELI  800W MT-800 220V ',90,5,'PC',117,78);
INSERT INTO "produto" VALUES(33220,'NOBREAK WELI 1000W MT-1000 220V',110,0,'PC',143,78);
INSERT INTO "produto" VALUES(20009,'NOBREAK WELI 2000W MT-2000 220V ',205,3,'PC',266.5,78);
INSERT INTO "produto" VALUES(4705,'PALMTOP  TECLADO PALM TUNGSTEN E2/TREO',20,9,'PC',26,79);
INSERT INTO "produto" VALUES(130,'PALMTOP HP IPAQ 110/111 CLASSIC HANDHELD',335,16,'PC',435.5,29);
INSERT INTO "produto" VALUES(86680,'PALMTOP PALM TREO 680 SMARTPHONE ROJO',215,15,'PC',279.5,79);
INSERT INTO "produto" VALUES(2397,'PALMTOP PALM TREO 750 CAM/CEL/WINDOWS',305,18,'PC',396.5,79);
INSERT INTO "produto" VALUES(82315,'CAM.  LEITOR USB MICRO SD/M2 SY-M80 NEGRO  (B)',6,4,'PC',7.8,102);
INSERT INTO "produto" VALUES(33062,'CAM.  LEITOR USB MICRO SD/SY-T62 AZUL (B)',5,9,'PC',6.5,102);
INSERT INTO "produto" VALUES(66962,'CAM.  LEITOR USB MICRO SD/SY-T62 BLANCO (B)',6,10,'PC',7.8,102);
INSERT INTO "produto" VALUES(62001,'CAM.  LEITOR USB MICRO SD/SY-T62 ROSADO',6,7,'PC',7.8,102);
INSERT INTO "produto" VALUES(50543,'CAM.  LEITOR USB MICRO SD/TF SY-T50 NEGRO (B)',5,1,'PC',6.5,102);
INSERT INTO "produto" VALUES(12302,'CAM.  MALETA CL TBC-302 NARANJA (G)',7,1,'PC',9.1,102);
INSERT INTO "produto" VALUES(30769,'CAM.  MALETA CL TBC-307 NEGRO (G)',37,13,'PC',48.1,102);
INSERT INTO "produto" VALUES(1848,'PL PCI 3-FIREWIRE 1394',7.5,14,'PC',9.75,102);
INSERT INTO "produto" VALUES(23008,'CAM. IP LINKSYS WVC2300 + AUDIO  WIRELESS',370,6,'PC',481,102);
INSERT INTO "produto" VALUES(96298,'CAM. IP LOG.961-000298 INDOOR SECURITY WIRELESS',300,15,'PC',390,102);
INSERT INTO "produto" VALUES(29961,'CAM. IP LOG.961-000299 OUTDOOR WIRELESS',300,5,'PC',390,102);
INSERT INTO "produto" VALUES(96301,'CAM. IP LOG.961-000301 INDOOR SECURITY WIRELESS',220,3,'PC',286,102);
INSERT INTO "produto" VALUES(960,'CAM. WEB LOG.960-000112 QUICKCAM ORBIT AF',124,5,'PC',161.2,102);
INSERT INTO "produto" VALUES(4136,'CAPA KIT MON.14/15" CRT-GAB.IMP.TEC.BLANCO (B)',3.5,11,'PC',4.55,102);
INSERT INTO "produto" VALUES(6157,'CAPA KIT MON.15" LCD-GAB.IMP.TEC.NEGRO (B)',5,16,'PC',6.5,102);
INSERT INTO "produto" VALUES(3138,'CAPA KIT MON.17" LCD-GAB.IMP.TEC NEGRO (B)',5,8,'PC',6.5,102);
INSERT INTO "produto" VALUES(11950,'CAPA KIT MON.19" LCD-GAB.IMP.TEC NEGRO (B)',5,4,'PC',6.5,102);
INSERT INTO "produto" VALUES(2350,'CAPA KIT MON.22" LCD-GAB.IMP.TEC NEGRO (B)',5,7,'PC',6.5,102);
INSERT INTO "produto" VALUES(31800,'CARRE. UNIVERSAL HYBRID 3IN1 MP7/MP4/GPS (B)',7,9,'PC',9.1,102);
INSERT INTO "produto" VALUES(91124,'CCTV DET. FUMAÇA/CALOR 9/12/24V 16',15.5,4,'PC',20.15,102);
INSERT INTO "produto" VALUES(16321,'CCTV DVR VR-3216 STAND ALONE ',695,17,'PC',903.5,102);
INSERT INTO "produto" VALUES(12513,'CCTV FONTE BIVOLT 1.25A ',6,11,'PC',7.8,102);
INSERT INTO "produto" VALUES(19065,'CCTV PL USB SURVEILLANCE USB-DVR',40,2,'PC',52,102);
INSERT INTO "produto" VALUES(12005,'CCTV PLACA PICO 2000 VERDE',12,2,'PC',15.6,102);
INSERT INTO "produto" VALUES(41003,'CCTV SENSOR PARADOX PAREIRA ABT-100 (B)',42,12,'PC',54.6,102);
INSERT INTO "produto" VALUES(1556,'FITA DAT DE LIMPEZA',2,15,'PC',2.6,102);
INSERT INTO "produto" VALUES(52030,'CCTV SENSOR PARADOX PAREIRA ABT-30 (B)',26,8,'PC',33.8,102);
CREATE TABLE cidade (
    id integer NOT NULL,
    nome text,
    estado character(2)
);
INSERT INTO "cidade" VALUES(1,'SãO CARLOS','SP');
INSERT INTO "cidade" VALUES(2,'SANTA BARBARA DO SUL','RS');
INSERT INTO "cidade" VALUES(3,'PORTO ALEGRE','RS');
INSERT INTO "cidade" VALUES(4,'CRICIUMA','SC');
INSERT INTO "cidade" VALUES(5,'SARANDI','RS');
INSERT INTO "cidade" VALUES(6,'RIO GRANDE','RS');
INSERT INTO "cidade" VALUES(7,'SANTOS','SP');
INSERT INTO "cidade" VALUES(8,'SANTO ÂNGELO','RS');
INSERT INTO "cidade" VALUES(9,'IMIGRANTE','RS');
INSERT INTO "cidade" VALUES(10,'ALEGRETE','RS');
INSERT INTO "cidade" VALUES(11,'PELOTAS','RS');
INSERT INTO "cidade" VALUES(12,'MONTEVIDEO','UY');
INSERT INTO "cidade" VALUES(13,'ARROIO DO MEIO','RS');
INSERT INTO "cidade" VALUES(14,'AVEIRO','PT');
INSERT INTO "cidade" VALUES(15,'FLORIANóPOLIS','SC');
INSERT INTO "cidade" VALUES(16,'ARAPOTI','PR');
INSERT INTO "cidade" VALUES(17,'MOGLIA','IT');
INSERT INTO "cidade" VALUES(18,'GUARULHOS','SP');
INSERT INTO "cidade" VALUES(19,'SãO PAULO','SP');
INSERT INTO "cidade" VALUES(20,'CAMPINAS','SP');
INSERT INTO "cidade" VALUES(21,'TOLEDO','PR');
INSERT INTO "cidade" VALUES(22,'RECIFE','PE');
INSERT INTO "cidade" VALUES(23,'CANELA','RS');
INSERT INTO "cidade" VALUES(24,'MARINGá','PR');
INSERT INTO "cidade" VALUES(25,'LEIPZIG','DE');
INSERT INTO "cidade" VALUES(26,'TAQUARI','RS');
INSERT INTO "cidade" VALUES(27,'POçO DAS ANTAS','RS');
INSERT INTO "cidade" VALUES(28,'CACHOEIRINHA','RS');
INSERT INTO "cidade" VALUES(29,'COLINAS','RS');
INSERT INTO "cidade" VALUES(30,'CANOAS','RS');
INSERT INTO "cidade" VALUES(31,'GUAPORé','RS');
INSERT INTO "cidade" VALUES(32,'LIVERPOOL','EN');
INSERT INTO "cidade" VALUES(33,'NOVA BRESCIA','RS');
INSERT INTO "cidade" VALUES(34,'CAMPO NOVO','RS');
INSERT INTO "cidade" VALUES(35,'TIRADENTES DO SUL','RS');
INSERT INTO "cidade" VALUES(36,'ESTEIO','RS');
INSERT INTO "cidade" VALUES(37,'TRêS PASSOS','RS');
INSERT INTO "cidade" VALUES(38,'SANTA CLARA DO SUL','RS');
INSERT INTO "cidade" VALUES(39,'SAPUCAIA DO SUL','RS');
INSERT INTO "cidade" VALUES(40,'RIO DE JANEIRO','RJ');
INSERT INTO "cidade" VALUES(41,'PETRóPOLIS','RJ');
INSERT INTO "cidade" VALUES(42,'TRêS DE MAIO','RS');
INSERT INTO "cidade" VALUES(43,'URUGUAIANA','RS');
INSERT INTO "cidade" VALUES(44,'NOVA YORK','US');
INSERT INTO "cidade" VALUES(45,'JOãO PESSOA','PB');
INSERT INTO "cidade" VALUES(46,'PASSO FUNDO','RS');
INSERT INTO "cidade" VALUES(47,'BELéM','PA');
INSERT INTO "cidade" VALUES(48,'CLEVELANDIA','PR');
INSERT INTO "cidade" VALUES(49,'LAJEADO','RS');
INSERT INTO "cidade" VALUES(50,'TEUTôNIA','RS');
INSERT INTO "cidade" VALUES(51,'ESTRELA','RS');
INSERT INTO "cidade" VALUES(52,'LONDRES','EN');
INSERT INTO "cidade" VALUES(53,'BELO HORIZONTE','MG');
INSERT INTO "cidade" VALUES(54,'ILóPOLIS','RS');
INSERT INTO "cidade" VALUES(55,'CARLOS BARBOSA','RS');
INSERT INTO "cidade" VALUES(56,'BOQUEIRãO DO LEãO','RS');
INSERT INTO "cidade" VALUES(57,'BATALHA','AL');
INSERT INTO "cidade" VALUES(58,'LISBOA','PT');
INSERT INTO "cidade" VALUES(59,'SAO BORJA','RS');
INSERT INTO "cidade" VALUES(60,'SãO BERNARDO DO CAMPO','SP');
INSERT INTO "cidade" VALUES(61,'TUBARãO','SC');
INSERT INTO "cidade" VALUES(62,'MAUá','SP');
INSERT INTO "cidade" VALUES(63,'BRASíLIA','DF');
INSERT INTO "cidade" VALUES(64,'PRESIDENTE VENCESLAU','SP');
INSERT INTO "cidade" VALUES(65,'CURITIBA','PR');
INSERT INTO "cidade" VALUES(66,'SANTIAGO','RS');
INSERT INTO "cidade" VALUES(67,'CAMPO GRANDE','MS');
INSERT INTO "cidade" VALUES(68,'UBERABA','SP');
INSERT INTO "cidade" VALUES(69,'CAXIAS DO SUL','RS');
INSERT INTO "cidade" VALUES(70,'NOVO HAMBURGO','RS');
INSERT INTO "cidade" VALUES(71,'SãO LEOPOLDO','RS');
INSERT INTO "cidade" VALUES(72,'FLORIPA','SC');
INSERT INTO "cidade" VALUES(73,'TUPã','SP');
INSERT INTO "cidade" VALUES(74,'SãO LOURENçO DO OESTE','SC');
INSERT INTO "cidade" VALUES(75,'CRUZEIRO DO SUL','RS');
INSERT INTO "cidade" VALUES(76,'ANDRADINA','SP');
INSERT INTO "cidade" VALUES(77,'JUIZ DE FORA','MG');
INSERT INTO "cidade" VALUES(78,'MUçUM','RS');
INSERT INTO "cidade" VALUES(79,'CRUZ ALTA','RS');
INSERT INTO "cidade" VALUES(80,'CACHOEIRA DO SUL','RS');
INSERT INTO "cidade" VALUES(81,'SANTA MARIA','RS');
INSERT INTO "cidade" VALUES(82,'ENCANTADO','RS');
INSERT INTO "cidade" VALUES(83,'FREMONT','CA');
INSERT INTO "cidade" VALUES(84,'CAPãO DA CANOA','RS');
INSERT INTO "cidade" VALUES(85,'TAQUARA','RS');
INSERT INTO "cidade" VALUES(86,'ROCA SALES','RS');
CREATE TABLE pessoa (
    id integer NOT NULL,
    nome text,
    id_cidade integer,
    sexo character(1),
    dt_nascimento date,
    telefone text,
    email text
, cpf_cnpj text, endereco text, bairro text, cep text, rg_ie text);
INSERT INTO "pessoa" VALUES(206,'RASMUS LERDORF',83,'M','1980-04-16','(24) 1363-1436','rasmus_lerdorf@email.com','12345678900','Rua Bento Goncalves, 123','Julio de Castilhos','95.900-000','1234567890');
INSERT INTO "pessoa" VALUES(207,'RENATO SAVIANO',34,'M','1983-03-19','(15) 1866-1959','renato_saviano@email.com','12345678900','Rua Bento Goncalves, 123','Julio de Castilhos','95.900-000','1234567890');
INSERT INTO "pessoa" VALUES(157,'LUIZ LEãO',47,'M','1987-04-24','(29) 1936-1018','luiz_leao@email.com','12345678900','Rua Bento Goncalves, 123','Julio de Castilhos','95.900-000','1234567890');
INSERT INTO "pessoa" VALUES(158,'LUMA HAENSSGEN',75,'F','1987-06-07','(40) 1635-1504','luma_haenssgen@email.com','12345678900','Rua Bento Goncalves, 123','Julio de Castilhos','95.900-000','1234567890');
INSERT INTO "pessoa" VALUES(159,'FáBIO MILANI',30,'M','1980-05-23','(10) 1463-1669','fabio_milani@email.com','12345678900','Rua Bento Goncalves, 123','Julio de Castilhos','95.900-000','1234567890');
INSERT INTO "pessoa" VALUES(160,'MAICO SCHMITZ',13,'M','1988-07-30','(29) 1011-1736','maico_schmitz@email.com','12345678900','Rua Bento Goncalves, 123','Julio de Castilhos','95.900-000','1234567890');
INSERT INTO "pessoa" VALUES(161,'MANUEL LEMOS',14,'M','1986-04-01','(44) 1774-1421','manuel_lemos@email.com','12345678900','Rua Bento Goncalves, 123','Julio de Castilhos','95.900-000','1234567890');
INSERT INTO "pessoa" VALUES(162,'MARCELIO LEAL',47,'M','1984-04-26','(17) 1676-1194','marcelio_leal@email.com','12345678900','Rua Bento Goncalves, 123','Julio de Castilhos','95.900-000','1234567890');
INSERT INTO "pessoa" VALUES(163,'MARCELO MALHEIROS',40,'M','1989-07-20','(36) 1604-1585','marcelo_malheiros@email.com','12345678900','Rua Bento Goncalves, 123','Julio de Castilhos','95.900-000','1234567890');
INSERT INTO "pessoa" VALUES(164,'MARCELO MASTELLA',3,'M','1982-03-09','(27) 1364-1168','marcelo_mastella@email.com','12345678900','Rua Bento Goncalves, 123','Julio de Castilhos','95.900-000','1234567890');
INSERT INTO "pessoa" VALUES(165,'MARCELO ANDRé WESCHENFELDER',49,'M','1984-03-17','(54) 1136-1768','marcelo_andre_weschenfelder@email.com','12345678900','Rua Bento Goncalves, 123','Julio de Castilhos','95.900-000','1234567890');
INSERT INTO "pessoa" VALUES(166,'MARCELO HENRIQUE SáEZ QUIñóNEZ',19,'M','1983-08-08','(19) 1373-1590','marcelo_henrique_saez_quinonez@email.com','12345678900','Rua Bento Goncalves, 123','Julio de Castilhos','95.900-000','1234567890');
INSERT INTO "pessoa" VALUES(167,'MARCIO GARCIA',19,'M','1987-04-15','(48) 1749-1526','marcio_garcia@email.com','12345678900','Rua Bento Goncalves, 123','Julio de Castilhos','95.900-000','1234567890');
INSERT INTO "pessoa" VALUES(168,'MARCIO PASSARINI',59,'M','1985-01-29','(49) 1351-1161','marcio_passarini@email.com','12345678900','Rua Bento Goncalves, 123','Julio de Castilhos','95.900-000','1234567890');
INSERT INTO "pessoa" VALUES(169,'MARCIO ANDRE KRONBAUER',38,'M','1987-02-11','(24) 1357-1623','marcio_andre_kronbauer@email.com','12345678900','Rua Bento Goncalves, 123','Julio de Castilhos','95.900-000','1234567890');
INSERT INTO "pessoa" VALUES(170,'MARCONE THEISEN',27,'M','1985-11-28','(58) 1736-1635','marcone_theisen@email.com','12345678900','Rua Bento Goncalves, 123','Julio de Castilhos','95.900-000','1234567890');
INSERT INTO "pessoa" VALUES(171,'MARCOS AURéLIO DELAVALD',49,'M','1985-06-07','(44) 1415-1409','marcos_aurelio_delavald@email.com','12345678900','Rua Bento Goncalves, 123','Julio de Castilhos','95.900-000','1234567890');
INSERT INTO "pessoa" VALUES(172,'MARINHO BARCELLOS',3,'M','1985-11-14','(15) 1549-1085','marinho_barcellos@email.com','12345678900','Rua Bento Goncalves, 123','Julio de Castilhos','95.900-000','1234567890');
INSERT INTO "pessoa" VALUES(173,'MARLON DUTRA',6,'M','1983-09-30','(25) 1078-1688','marlon_dutra@email.com','12345678900','Rua Bento Goncalves, 123','Julio de Castilhos','95.900-000','1234567890');
INSERT INTO "pessoa" VALUES(174,'MATEUS OHSE',79,'M','1990-12-06','(54) 1420-1052','mateus_ohse@email.com','12345678900','Rua Bento Goncalves, 123','Julio de Castilhos','95.900-000','1234567890');
INSERT INTO "pessoa" VALUES(175,'MAURICIO DE CASTRO',51,'M','1982-05-12','(13) 1304-1188','mauricio_de_castro@email.com','12345678900','Rua Bento Goncalves, 123','Julio de Castilhos','95.900-000','1234567890');
INSERT INTO "pessoa" VALUES(176,'MAURO DELAZERI',33,'M','1988-08-01','(51) 1482-1561','mauro_delazeri@email.com','12345678900','Rua Bento Goncalves, 123','Julio de Castilhos','95.900-000','1234567890');
INSERT INTO "pessoa" VALUES(177,'NANCI CARMEN BAGATINI',49,'F','1980-05-10','(31) 1242-1309','nanci_carmen_bagatini@email.com','12345678900','Rua Bento Goncalves, 123','Julio de Castilhos','95.900-000','1234567890');
INSERT INTO "pessoa" VALUES(178,'NASAIR JúNIOR SILVA',56,'M','1985-11-10','(57) 1021-1660','nasair_junior_silva@email.com','12345678900','Rua Bento Goncalves, 123','Julio de Castilhos','95.900-000','1234567890');
INSERT INTO "pessoa" VALUES(179,'NATáLIA VALANDRO',49,'F','1985-08-11','(15) 1303-1018','natalia_valandro@email.com','12345678900','Rua Bento Goncalves, 123','Julio de Castilhos','95.900-000','1234567890');
INSERT INTO "pessoa" VALUES(180,'NáDIA B. GANDINI',71,'F','1988-02-08','(46) 1255-1754','nadia_b_gandini@email.com','12345678900','Rua Bento Goncalves, 123','Julio de Castilhos','95.900-000','1234567890');
INSERT INTO "pessoa" VALUES(181,'OTáVIO GASPARETO',3,'M','1987-07-21','(28) 1943-1169','otavio_gaspareto@email.com','12345678900','Rua Bento Goncalves, 123','Julio de Castilhos','95.900-000','1234567890');
INSERT INTO "pessoa" VALUES(182,'PABLO LóPEZ',12,'M','1989-01-17','(48) 1051-1718','pablo_lopez@email.com','12345678900','Rua Bento Goncalves, 123','Julio de Castilhos','95.900-000','1234567890');
INSERT INTO "pessoa" VALUES(183,'PATRICIA LANGE',49,'F','1984-05-10','(53) 1353-1796','patricia_lange@email.com','12345678900','Rua Bento Goncalves, 123','Julio de Castilhos','95.900-000','1234567890');
INSERT INTO "pessoa" VALUES(184,'PATRICIA LAUXEN LOEBLEIN',75,'F','1984-04-10','(37) 1241-1216','patricia_lauxen_loeblein@email.com','12345678900','Rua Bento Goncalves, 123','Julio de Castilhos','95.900-000','1234567890');
INSERT INTO "pessoa" VALUES(185,'PATTY SBARDELOTTO',70,'F','1985-07-20','(40) 1297-1520','patty_sbardelotto@email.com','12345678900','Rua Bento Goncalves, 123','Julio de Castilhos','95.900-000','1234567890');
INSERT INTO "pessoa" VALUES(186,'PAULINHO RODRIGUES',48,'M','1989-05-09','(49) 1120-1002','paulinho_rodrigues@email.com','12345678900','Rua Bento Goncalves, 123','Julio de Castilhos','95.900-000','1234567890');
INSERT INTO "pessoa" VALUES(187,'PAULINO MICHELAZZO',19,'M','1990-05-19','(27) 1533-1245','paulino_michelazzo@email.com','12345678900','Rua Bento Goncalves, 123','Julio de Castilhos','95.900-000','1234567890');
INSERT INTO "pessoa" VALUES(188,'PAULO AUGUSTO WOELLNER',65,'M','1983-11-16','(43) 1472-1266','paulo_augusto_woellner@email.com','12345678900','Rua Bento Goncalves, 123','Julio de Castilhos','95.900-000','1234567890');
INSERT INTO "pessoa" VALUES(189,'PAULO GUTERRES',39,'M','1985-06-04','(26) 1572-1569','paulo_guterres@email.com','12345678900','Rua Bento Goncalves, 123','Julio de Castilhos','95.900-000','1234567890');
INSERT INTO "pessoa" VALUES(190,'PAULO KOETZ',84,'M','1989-04-06','(26) 1295-1824','paulo_koetz@email.com','12345678900','Rua Bento Goncalves, 123','Julio de Castilhos','95.900-000','1234567890');
INSERT INTO "pessoa" VALUES(191,'PETERSON SOUSA',63,'M','1981-12-22','(14) 1653-1766','peterson_sousa@email.com','12345678900','Rua Bento Goncalves, 123','Julio de Castilhos','95.900-000','1234567890');
INSERT INTO "pessoa" VALUES(192,'PITI CASTOLDI',82,'F','1988-11-22','(23) 1419-1818','piti_castoldi@email.com','12345678900','Rua Bento Goncalves, 123','Julio de Castilhos','95.900-000','1234567890');
INSERT INTO "pessoa" VALUES(193,'PâMELLA GARCIA',20,'F','1983-04-02','(58) 1270-1171','pamella_garcia@email.com','12345678900','Rua Bento Goncalves, 123','Julio de Castilhos','95.900-000','1234567890');
INSERT INTO "pessoa" VALUES(194,'RAFAEL TINGA',3,'M','1987-08-11','(48) 1810-1412','rafael_tinga@email.com','12345678900','Rua Bento Goncalves, 123','Julio de Castilhos','95.900-000','1234567890');
INSERT INTO "pessoa" VALUES(195,'RONALDO LAGES',3,'M','1989-03-27','(59) 1402-1708','ronaldo_lages@email.com','12345678900','Rua Bento Goncalves, 123','Julio de Castilhos','95.900-000','1234567890');
INSERT INTO "pessoa" VALUES(1,'ADRIANE HAUSCHILD',51,'F','1988-03-17','(17) 1787-1943','adriane_hauschild@email.com','12345678900','Rua Bento Goncalves, 123','Julio de Castilhos','95.900-000','1234567890');
INSERT INTO "pessoa" VALUES(2,'ALAN FRITSCH',51,'M','1985-07-05','(44) 1229-1947','alan_fritsch@email.com','12345678900','Rua Bento Goncalves, 123','Julio de Castilhos','95.900-000','1234567890');
INSERT INTO "pessoa" VALUES(3,'ALBERTO BENGOA',3,'M','1982-09-22','(13) 1137-1382','alberto_bengoa@email.com','12345678900','Rua Bento Goncalves, 123','Julio de Castilhos','95.900-000','1234567890');
INSERT INTO "pessoa" VALUES(4,'ALESSANDRA DOMINGUES',62,'F','1982-05-12','(11) 1104-1700','alessandra_domingues@email.com','12345678900','Rua Bento Goncalves, 123','Julio de Castilhos','95.900-000','1234567890');
INSERT INTO "pessoa" VALUES(5,'ALESSANDRO BINHARA',65,'M','1981-11-07','(16) 1373-1683','alessandro_binhara@email.com','12345678900','Rua Bento Goncalves, 123','Julio de Castilhos','95.900-000','1234567890');
INSERT INTO "pessoa" VALUES(6,'ALEX GARZãO',36,'M','1985-04-10','(52) 1337-1355','alex_garzao@email.com','12345678900','Rua Bento Goncalves, 123','Julio de Castilhos','95.900-000','1234567890');
INSERT INTO "pessoa" VALUES(7,'ALEX RISICATO FAGUNDES',3,'M','1982-04-27','(55) 1044-1200','alex_risicato_fagundes@email.com','12345678900','Rua Bento Goncalves, 123','Julio de Castilhos','95.900-000','1234567890');
INSERT INTO "pessoa" VALUES(8,'ALEXANDRE FREIRE',19,'M','1983-04-26','(21) 1503-1737','alexandre_freire@email.com','12345678900','Rua Bento Goncalves, 123','Julio de Castilhos','95.900-000','1234567890');
INSERT INTO "pessoa" VALUES(9,'ALEXANDRE PESSERL',65,'M','1989-07-20','(43) 1845-1521','alexandre_pesserl@email.com','12345678900','Rua Bento Goncalves, 123','Julio de Castilhos','95.900-000','1234567890');
INSERT INTO "pessoa" VALUES(10,'ALINE DALL OGLIO',43,'F','1983-10-24','(26) 1596-1332','aline_dall_oglio@email.com','12345678900','Rua Bento Goncalves, 123','Julio de Castilhos','95.900-000','1234567890');
INSERT INTO "pessoa" VALUES(11,'ALINE SCHERER',49,'F','1983-08-29','(19) 1739-1119','aline_scherer@email.com','12345678900','Rua Bento Goncalves, 123','Julio de Castilhos','95.900-000','1234567890');
INSERT INTO "pessoa" VALUES(12,'ALVARO LOCATELLI',49,'M','1988-02-15','(17) 1423-1349','alvaro_locatelli@email.com','12345678900','Rua Bento Goncalves, 123','Julio de Castilhos','95.900-000','1234567890');
INSERT INTO "pessoa" VALUES(13,'AMADEU WEIRICH',50,'M','1990-05-07','(14) 1490-1485','amadeu_weirich@email.com','12345678900','Rua Bento Goncalves, 123','Julio de Castilhos','95.900-000','1234567890');
INSERT INTO "pessoa" VALUES(14,'ANA LóPEZ',19,'F','1987-07-16','(33) 1508-1589','ana_lopez@email.com','12345678900','Rua Bento Goncalves, 123','Julio de Castilhos','95.900-000','1234567890');
INSERT INTO "pessoa" VALUES(15,'ANA PAULA A. VALéRIO',49,'F','1981-08-13','(18) 1619-1962','ana_paula_a_valerio@email.com','12345678900','Rua Bento Goncalves, 123','Julio de Castilhos','95.900-000','1234567890');
INSERT INTO "pessoa" VALUES(16,'ANA PAULA FIEGENBAUM',49,'F','1983-03-20','(52) 1463-1299','ana_paula_fiegenbaum@email.com','12345678900','Rua Bento Goncalves, 123','Julio de Castilhos','95.900-000','1234567890');
INSERT INTO "pessoa" VALUES(17,'ANA PAULA LISBOA MONTEIRO',86,'F','1986-05-28','(20) 1355-1343','ana_paula_lisboa_monteiro@email.com','12345678900','Rua Bento Goncalves, 123','Julio de Castilhos','95.900-000','1234567890');
INSERT INTO "pessoa" VALUES(18,'ANAHUAC DE PAULA',66,'M','1985-08-08','(30) 1575-1846','anahuac_de_paula@email.com','12345678900','Rua Bento Goncalves, 123','Julio de Castilhos','95.900-000','1234567890');
INSERT INTO "pessoa" VALUES(19,'ANDRE WOLF',4,'M','1983-07-22','(17) 1238-1691','andre_wolf@email.com','12345678900','Rua Bento Goncalves, 123','Julio de Castilhos','95.900-000','1234567890');
INSERT INTO "pessoa" VALUES(20,'ANDREI ZMIEVSKI',44,'M','1990-10-16','(43) 1561-1287','andrei_zmievski@email.com','12345678900','Rua Bento Goncalves, 123','Julio de Castilhos','95.900-000','1234567890');
INSERT INTO "pessoa" VALUES(21,'ANDRé HEUSER',75,'M','1988-02-05','(59) 1750-1027','andre_heuser@email.com','12345678900','Rua Bento Goncalves, 123','Julio de Castilhos','95.900-000','1234567890');
INSERT INTO "pessoa" VALUES(22,'ANE JOSIELE',49,'F','1987-11-08','(15) 1881-1450','ane_josiele@email.com','12345678900','Rua Bento Goncalves, 123','Julio de Castilhos','95.900-000','1234567890');
INSERT INTO "pessoa" VALUES(23,'ANGELA CAYE ZIMMERMANN',51,'F','1982-11-19','(33) 1960-1939','angela_caye_zimmermann@email.com','12345678900','Rua Bento Goncalves, 123','Julio de Castilhos','95.900-000','1234567890');
INSERT INTO "pessoa" VALUES(24,'ANGELA FEIL',75,'F','1984-08-06','(57) 1421-1447','angela_feil@email.com','12345678900','Rua Bento Goncalves, 123','Julio de Castilhos','95.900-000','1234567890');
INSERT INTO "pessoa" VALUES(208,'RICARDO BOCK',21,'M','1989-08-29','(34) 1615-1132','ricardo_bock@email.com','12345678900','Rua Bento Goncalves, 123','Julio de Castilhos','95.900-000','1234567890');
INSERT INTO "pessoa" VALUES(209,'RICARDO MACARI',61,'M','1985-08-27','(25) 1629-1616','ricardo_macari@email.com','12345678900','Rua Bento Goncalves, 123','Julio de Castilhos','95.900-000','1234567890');
INSERT INTO "pessoa" VALUES(210,'RICARDO BIMBO',19,'M','1985-09-21','(45) 1212-1428','ricardo_bimbo@email.com','12345678900','Rua Bento Goncalves, 123','Julio de Castilhos','95.900-000','1234567890');
INSERT INTO "pessoa" VALUES(211,'RICARDO FILIPO',40,'M','1988-02-19','(30) 1618-1322','ricardo_filipo@email.com','12345678900','Rua Bento Goncalves, 123','Julio de Castilhos','95.900-000','1234567890');
INSERT INTO "pessoa" VALUES(212,'ROBERT FRITZ',49,'M','1981-02-11','(48) 1791-1467','robert_fritz@email.com','12345678900','Rua Bento Goncalves, 123','Julio de Castilhos','95.900-000','1234567890');
INSERT INTO "pessoa" VALUES(213,'ROBERTO PUHL',3,'M','1982-10-13','(37) 1782-1581','roberto_puhl@email.com','12345678900','Rua Bento Goncalves, 123','Julio de Castilhos','95.900-000','1234567890');
INSERT INTO "pessoa" VALUES(214,'RODRIGGO DI MOGLIA',17,'M','1987-07-05','(39) 1944-1461','rodriggo_di_moglia@email.com','12345678900','Rua Bento Goncalves, 123','Julio de Castilhos','95.900-000','1234567890');
INSERT INTO "pessoa" VALUES(215,'RODRIGO BISTERçO',7,'M','1988-08-25','(31) 1517-1322','rodrigo_bisterco@email.com','12345678900','Rua Bento Goncalves, 123','Julio de Castilhos','95.900-000','1234567890');
INSERT INTO "pessoa" VALUES(216,'RODRIGO BROD',49,'M','1982-09-04','(44) 1798-1685','rodrigo_brod@email.com','12345678900','Rua Bento Goncalves, 123','Julio de Castilhos','95.900-000','1234567890');
INSERT INTO "pessoa" VALUES(51,'CRISTIAN LOCATELLI',49,'M','1985-03-13','(43) 1062-1833','cristian_locatelli@email.com','12345678900','Rua Bento Goncalves, 123','Julio de Castilhos','95.900-000','1234567890');
INSERT INTO "pessoa" VALUES(52,'CRISTIANE DREBES PEDRON',81,'F','1988-08-04','(27) 1795-1692','cristiane_drebes_pedron@email.com','12345678900','Rua Bento Goncalves, 123','Julio de Castilhos','95.900-000','1234567890');
INSERT INTO "pessoa" VALUES(53,'CRISTIANO LENZ',49,'M','1988-03-17','(57) 1417-1988','cristiano_lenz@email.com','12345678900','Rua Bento Goncalves, 123','Julio de Castilhos','95.900-000','1234567890');
INSERT INTO "pessoa" VALUES(54,'DAIRA DANIELE',40,'F','1988-10-14','(55) 1891-1660','daira_daniele@email.com','12345678900','Rua Bento Goncalves, 123','Julio de Castilhos','95.900-000','1234567890');
INSERT INTO "pessoa" VALUES(55,'DALINE DALL OGLIO',49,'F','1983-02-27','(18) 1636-1155','daline_dall_oglio@email.com','12345678900','Rua Bento Goncalves, 123','Julio de Castilhos','95.900-000','1234567890');
INSERT INTO "pessoa" VALUES(56,'DANIEL BAUERMANN',70,'M','1981-09-22','(23) 1234-1540','daniel_bauermann@email.com','12345678900','Rua Bento Goncalves, 123','Julio de Castilhos','95.900-000','1234567890');
INSERT INTO "pessoa" VALUES(57,'DANIEL CERATTI',82,'M','1985-07-24','(44) 1109-1345','daniel_ceratti@email.com','12345678900','Rua Bento Goncalves, 123','Julio de Castilhos','95.900-000','1234567890');
INSERT INTO "pessoa" VALUES(58,'DANIEL CORDEIRO',45,'M','1987-02-14','(22) 1883-1455','daniel_cordeiro@email.com','12345678900','Rua Bento Goncalves, 123','Julio de Castilhos','95.900-000','1234567890');
INSERT INTO "pessoa" VALUES(59,'DANIEL COSTA',40,'M','1986-05-18','(12) 1576-1331','daniel_costa@email.com','12345678900','Rua Bento Goncalves, 123','Julio de Castilhos','95.900-000','1234567890');
INSERT INTO "pessoa" VALUES(60,'DANIEL FERREIRA',71,'M','1982-08-20','(15) 1344-1670','daniel_ferreira@email.com','12345678900','Rua Bento Goncalves, 123','Julio de Castilhos','95.900-000','1234567890');
INSERT INTO "pessoa" VALUES(61,'DANIEL H. SCHEEREN',49,'M','1985-03-26','(13) 1999-1732','daniel_h_scheeren@email.com','12345678900','Rua Bento Goncalves, 123','Julio de Castilhos','95.900-000','1234567890');
INSERT INTO "pessoa" VALUES(62,'DANIEL XISLA',3,'M','1989-11-14','(55) 1340-1527','daniel_xisla@email.com','12345678900','Rua Bento Goncalves, 123','Julio de Castilhos','95.900-000','1234567890');
INSERT INTO "pessoa" VALUES(63,'DANIEL AFONSO HEISLER',71,'M','1980-09-19','(39) 1277-1944','daniel_afonso_heisler@email.com','12345678900','Rua Bento Goncalves, 123','Julio de Castilhos','95.900-000','1234567890');
INSERT INTO "pessoa" VALUES(64,'DANIEL AUGUSTO RAMBO',49,'M','1986-07-14','(39) 1171-1835','daniel_augusto_rambo@email.com','12345678900','Rua Bento Goncalves, 123','Julio de Castilhos','95.900-000','1234567890');
INSERT INTO "pessoa" VALUES(65,'DEISE MICHELE',75,'F','1980-10-16','(22) 1330-1471','deise_michele@email.com','12345678900','Rua Bento Goncalves, 123','Julio de Castilhos','95.900-000','1234567890');
INSERT INTO "pessoa" VALUES(66,'DEIVI KUHN',3,'M','1989-10-07','(29) 1588-1705','deivi_kuhn@email.com','12345678900','Rua Bento Goncalves, 123','Julio de Castilhos','95.900-000','1234567890');
INSERT INTO "pessoa" VALUES(67,'DEIVISON ALVES ELIAS',81,'M','1986-05-23','(56) 1276-1814','deivison_alves_elias@email.com','12345678900','Rua Bento Goncalves, 123','Julio de Castilhos','95.900-000','1234567890');
INSERT INTO "pessoa" VALUES(68,'DIEGO LANG',49,'M','1984-02-26','(24) 1516-1697','diego_lang@email.com','12345678900','Rua Bento Goncalves, 123','Julio de Castilhos','95.900-000','1234567890');
INSERT INTO "pessoa" VALUES(69,'DIEGO TIEMANN',9,'M','1989-09-09','(46) 1566-1273','diego_tiemann@email.com','12345678900','Rua Bento Goncalves, 123','Julio de Castilhos','95.900-000','1234567890');
INSERT INTO "pessoa" VALUES(70,'DJALMA VALOIS',63,'M','1985-11-29','(13) 1663-1617','djalma_valois@email.com','12345678900','Rua Bento Goncalves, 123','Julio de Castilhos','95.900-000','1234567890');
INSERT INTO "pessoa" VALUES(71,'EDSON FUNKE',78,'M','1981-05-04','(46) 1721-1616','edson_funke@email.com','12345678900','Rua Bento Goncalves, 123','Julio de Castilhos','95.900-000','1234567890');
INSERT INTO "pessoa" VALUES(72,'EDU B. M.',49,'M','1990-04-01','(33) 1611-1956','edu_b_m@email.com','12345678900','Rua Bento Goncalves, 123','Julio de Castilhos','95.900-000','1234567890');
INSERT INTO "pessoa" VALUES(73,'EDUARDO BACCHI KIENETZ',81,'M','1985-05-22','(59) 1194-1233','eduardo_bacchi_kienetz@email.com','12345678900','Rua Bento Goncalves, 123','Julio de Castilhos','95.900-000','1234567890');
INSERT INTO "pessoa" VALUES(74,'EDUARDO MAGALHãES',3,'M','1981-11-08','(57) 1765-1404','eduardo_magalhaes@email.com','12345678900','Rua Bento Goncalves, 123','Julio de Castilhos','95.900-000','1234567890');
INSERT INTO "pessoa" VALUES(75,'EDUARDO MAçAN',19,'M','1985-12-02','(48) 1996-1734','eduardo_macan@email.com','12345678900','Rua Bento Goncalves, 123','Julio de Castilhos','95.900-000','1234567890');
INSERT INTO "pessoa" VALUES(76,'EDUARDO SCHNEIDER',2,'M','1981-11-26','(22) 1381-1322','eduardo_schneider@email.com','12345678900','Rua Bento Goncalves, 123','Julio de Castilhos','95.900-000','1234567890');
INSERT INTO "pessoa" VALUES(77,'EDUARDO WEISHEIMER',75,'M','1983-07-08','(57) 1306-1598','eduardo_weisheimer@email.com','12345678900','Rua Bento Goncalves, 123','Julio de Castilhos','95.900-000','1234567890');
INSERT INTO "pessoa" VALUES(78,'EMERSON LUIS',19,'M','1980-12-12','(48) 1577-1115','emerson_luis@email.com','12345678900','Rua Bento Goncalves, 123','Julio de Castilhos','95.900-000','1234567890');
INSERT INTO "pessoa" VALUES(79,'FABI DALL OGLIO',49,'F','1989-10-03','(33) 1302-1680','fabi_dall_oglio@email.com','12345678900','Rua Bento Goncalves, 123','Julio de Castilhos','95.900-000','1234567890');
INSERT INTO "pessoa" VALUES(80,'FABIO BRESSLER',70,'M','1982-04-29','(46) 1359-1343','fabio_bressler@email.com','12345678900','Rua Bento Goncalves, 123','Julio de Castilhos','95.900-000','1234567890');
INSERT INTO "pessoa" VALUES(81,'FABIO HAUBERT',49,'M','1981-06-11','(27) 1085-1064','fabio_haubert@email.com','12345678900','Rua Bento Goncalves, 123','Julio de Castilhos','95.900-000','1234567890');
INSERT INTO "pessoa" VALUES(82,'FABIO LOCATELLI',49,'M','1982-06-21','(58) 1544-1675','fabio_locatelli@email.com','12345678900','Rua Bento Goncalves, 123','Julio de Castilhos','95.900-000','1234567890');
INSERT INTO "pessoa" VALUES(83,'FABIO SANTINI',36,'M','1983-11-02','(56) 1530-1869','fabio_santini@email.com','12345678900','Rua Bento Goncalves, 123','Julio de Castilhos','95.900-000','1234567890');
INSERT INTO "pessoa" VALUES(217,'RODRIGO GATTERMANN',29,'M','1987-12-08','(16) 1907-1551','rodrigo_gattermann@email.com','12345678900','Rua Bento Goncalves, 123','Julio de Castilhos','95.900-000','1234567890');
INSERT INTO "pessoa" VALUES(218,'RODRIGO GRESSLER',71,'M','1983-11-26','(14) 1377-1166','rodrigo_gressler@email.com','12345678900','Rua Bento Goncalves, 123','Julio de Castilhos','95.900-000','1234567890');
INSERT INTO "pessoa" VALUES(219,'RODRIGO HUFF',3,'M','1983-06-16','(21) 1681-1795','rodrigo_huff@email.com','12345678900','Rua Bento Goncalves, 123','Julio de Castilhos','95.900-000','1234567890');
INSERT INTO "pessoa" VALUES(220,'RONALDO DELMAR FERNANDES',36,'M','1982-12-10','(51) 1390-1007','ronaldo_delmar_fernandes@email.com','12345678900','Rua Bento Goncalves, 123','Julio de Castilhos','95.900-000','1234567890');
INSERT INTO "pessoa" VALUES(221,'RUBENS QUEIROZ',77,'M','1989-10-11','(23) 1800-1625','rubens_queiroz@email.com','12345678900','Rua Bento Goncalves, 123','Julio de Castilhos','95.900-000','1234567890');
INSERT INTO "pessoa" VALUES(97,'FRANCIS DORNELES',26,'M','1985-01-29','(21) 1141-1266','francis_dorneles@email.com','12345678900','Rua Bento Goncalves, 123','Julio de Castilhos','95.900-000','1234567890');
INSERT INTO "pessoa" VALUES(98,'FáBIO DALL OGLIO DA CUNHA',15,'M','1988-05-24','(37) 1346-1422','fabio_dall_oglio_da_cunha@email.com','12345678900','Rua Bento Goncalves, 123','Julio de Castilhos','95.900-000','1234567890');
INSERT INTO "pessoa" VALUES(99,'FáBIO TELLES RODRIGUEZ',60,'M','1981-02-16','(32) 1666-1031','fabio_telles_rodriguez@email.com','12345678900','Rua Bento Goncalves, 123','Julio de Castilhos','95.900-000','1234567890');
INSERT INTO "pessoa" VALUES(100,'GIOVANA GALIMBERTI STANGE',49,'F','1982-11-14','(42) 1667-1366','giovana_galimberti_stange@email.com','12345678900','Rua Bento Goncalves, 123','Julio de Castilhos','95.900-000','1234567890');
INSERT INTO "pessoa" VALUES(101,'GIOVANA SCHOSSLER',49,'F','1987-09-15','(20) 1010-1042','giovana_schossler@email.com','12345678900','Rua Bento Goncalves, 123','Julio de Castilhos','95.900-000','1234567890');
INSERT INTO "pessoa" VALUES(102,'GLEDSON OLIVEIRA',3,'M','1985-10-24','(52) 1418-1677','gledson_oliveira@email.com','12345678900','Rua Bento Goncalves, 123','Julio de Castilhos','95.900-000','1234567890');
INSERT INTO "pessoa" VALUES(103,'GRAZI ULSENHEIMER',75,'F','1988-08-11','(11) 1500-1226','grazi_ulsenheimer@email.com','12345678900','Rua Bento Goncalves, 123','Julio de Castilhos','95.900-000','1234567890');
INSERT INTO "pessoa" VALUES(104,'GUILHERME BLANCO',1,'M','1990-07-26','(47) 1451-1923','guilherme_blanco@email.com','12345678900','Rua Bento Goncalves, 123','Julio de Castilhos','95.900-000','1234567890');
INSERT INTO "pessoa" VALUES(105,'GUILHERME WILLIAM',19,'M','1981-04-17','(56) 1037-1171','guilherme_william@email.com','12345678900','Rua Bento Goncalves, 123','Julio de Castilhos','95.900-000','1234567890');
INSERT INTO "pessoa" VALUES(106,'GUSTAVO JANTSCH',13,'M','1987-12-16','(26) 1253-1705','gustavo_jantsch@email.com','12345678900','Rua Bento Goncalves, 123','Julio de Castilhos','95.900-000','1234567890');
INSERT INTO "pessoa" VALUES(107,'GUSTAVO NORONHA',53,'M','1988-06-17','(19) 1481-1846','gustavo_noronha@email.com','12345678900','Rua Bento Goncalves, 123','Julio de Castilhos','95.900-000','1234567890');
INSERT INTO "pessoa" VALUES(108,'GUSTAVO HENRIQUE SCATTOLA',82,'M','1988-04-28','(32) 1026-1192','gustavo_henrique_scattola@email.com','12345678900','Rua Bento Goncalves, 123','Julio de Castilhos','95.900-000','1234567890');
INSERT INTO "pessoa" VALUES(109,'HELDER MAURICIO GOMES FERREIRA',64,'M','1985-05-03','(53) 1465-1858','helder_mauricio_gomes_ferreira@email.com','12345678900','Rua Bento Goncalves, 123','Julio de Castilhos','95.900-000','1234567890');
INSERT INTO "pessoa" VALUES(110,'HELIO CASTRO',69,'M','1981-08-30','(55) 1101-1525','helio_castro@email.com','12345678900','Rua Bento Goncalves, 123','Julio de Castilhos','95.900-000','1234567890');
INSERT INTO "pessoa" VALUES(111,'HELIO GUIMARãES',49,'M','1985-04-22','(23) 1293-1536','helio_guimaraes@email.com','12345678900','Rua Bento Goncalves, 123','Julio de Castilhos','95.900-000','1234567890');
INSERT INTO "pessoa" VALUES(112,'HENRIQUE DALL OGLIO',75,'M','1980-10-18','(25) 1127-1954','henrique_dall_oglio@email.com','12345678900','Rua Bento Goncalves, 123','Julio de Castilhos','95.900-000','1234567890');
INSERT INTO "pessoa" VALUES(113,'HENRIQUE B GRAVINA',49,'M','1988-08-08','(59) 1146-1453','henrique_b_gravina@email.com','12345678900','Rua Bento Goncalves, 123','Julio de Castilhos','95.900-000','1234567890');
INSERT INTO "pessoa" VALUES(114,'HUBERTO GASTAL MAYER',11,'M','1981-07-23','(20) 1881-1905','huberto_gastal_mayer@email.com','12345678900','Rua Bento Goncalves, 123','Julio de Castilhos','95.900-000','1234567890');
INSERT INTO "pessoa" VALUES(115,'HUGO CISNEIROS',19,'M','1990-08-02','(17) 1793-1942','hugo_cisneiros@email.com','12345678900','Rua Bento Goncalves, 123','Julio de Castilhos','95.900-000','1234567890');
INSERT INTO "pessoa" VALUES(116,'HUGO SACRAMENTO',19,'M','1985-05-02','(25) 1107-1195','hugo_sacramento@email.com','12345678900','Rua Bento Goncalves, 123','Julio de Castilhos','95.900-000','1234567890');
INSERT INTO "pessoa" VALUES(117,'IRIS BURGER',65,'F','1980-02-15','(10) 1285-1676','iris_burger@email.com','12345678900','Rua Bento Goncalves, 123','Julio de Castilhos','95.900-000','1234567890');
INSERT INTO "pessoa" VALUES(118,'ISA RADAELLI',49,'F','1986-11-24','(53) 1729-1702','isa_radaelli@email.com','12345678900','Rua Bento Goncalves, 123','Julio de Castilhos','95.900-000','1234567890');
INSERT INTO "pessoa" VALUES(119,'IVAN CELSO',23,'M','1985-06-07','(12) 1594-1167','ivan_celso@email.com','12345678900','Rua Bento Goncalves, 123','Julio de Castilhos','95.900-000','1234567890');
INSERT INTO "pessoa" VALUES(120,'JAIME LANG',50,'M','1986-07-25','(55) 1492-1268','jaime_lang@email.com','12345678900','Rua Bento Goncalves, 123','Julio de Castilhos','95.900-000','1234567890');
INSERT INTO "pessoa" VALUES(121,'JAMIEL SPEZIA',49,'M','1986-01-05','(31) 1755-1561','jamiel_spezia@email.com','12345678900','Rua Bento Goncalves, 123','Julio de Castilhos','95.900-000','1234567890');
INSERT INTO "pessoa" VALUES(122,'JANA BALD',38,'F','1983-01-28','(58) 1060-1688','jana_bald@email.com','12345678900','Rua Bento Goncalves, 123','Julio de Castilhos','95.900-000','1234567890');
INSERT INTO "pessoa" VALUES(123,'JANIO LINDEMANN',31,'M','1989-10-17','(56) 1043-1834','janio_lindemann@email.com','12345678900','Rua Bento Goncalves, 123','Julio de Castilhos','95.900-000','1234567890');
INSERT INTO "pessoa" VALUES(124,'JAQUELINE LAVALL',49,'F','1981-11-04','(29) 1251-1715','jaqueline_lavall@email.com','12345678900','Rua Bento Goncalves, 123','Julio de Castilhos','95.900-000','1234567890');
INSERT INTO "pessoa" VALUES(125,'JESSICA KäFER',49,'F','1989-11-23','(24) 1382-1508','jessica_kafer@email.com','12345678900','Rua Bento Goncalves, 123','Julio de Castilhos','95.900-000','1234567890');
INSERT INTO "pessoa" VALUES(126,'JIMENS LIMA',22,'M','1989-06-03','(21) 1685-1615','jimens_lima@email.com','12345678900','Rua Bento Goncalves, 123','Julio de Castilhos','95.900-000','1234567890');
INSERT INTO "pessoa" VALUES(127,'JOAO JAIR HAACKE',35,'M','1989-06-07','(31) 1692-1901','joao_jair_haacke@email.com','12345678900','Rua Bento Goncalves, 123','Julio de Castilhos','95.900-000','1234567890');
INSERT INTO "pessoa" VALUES(128,'JOHN LENNON',32,'M','1984-02-04','(15) 1546-1629','john_lennon@email.com','12345678900','Rua Bento Goncalves, 123','Julio de Castilhos','95.900-000','1234567890');
INSERT INTO "pessoa" VALUES(129,'JOICE KäFER',49,'F','1982-08-17','(50) 1591-1224','joice_kafer@email.com','12345678900','Rua Bento Goncalves, 123','Julio de Castilhos','95.900-000','1234567890');
INSERT INTO "pessoa" VALUES(130,'JOSI MOCELLIN',75,'F','1984-03-03','(58) 1494-1715','josi_mocellin@email.com','12345678900','Rua Bento Goncalves, 123','Julio de Castilhos','95.900-000','1234567890');
INSERT INTO "pessoa" VALUES(131,'JOSI PETTER',51,'F','1983-10-03','(21) 1923-1470','josi_petter@email.com','12345678900','Rua Bento Goncalves, 123','Julio de Castilhos','95.900-000','1234567890');
INSERT INTO "pessoa" VALUES(132,'JOSé GUILHERME CAMARGO DE SOUZA',70,'M','1984-02-04','(49) 1888-1531','jose_guilherme_camargo_de_souza@email.com','12345678900','Rua Bento Goncalves, 123','Julio de Castilhos','95.900-000','1234567890');
INSERT INTO "pessoa" VALUES(25,'ANTONIO FONSECA',3,'M','1989-08-24','(37) 1581-1067','antonio_fonseca@email.com','12345678900','Rua Bento Goncalves, 123','Julio de Castilhos','95.900-000','1234567890');
INSERT INTO "pessoa" VALUES(26,'ARI STOPASSOLA JUNIOR',69,'M','1984-11-28','(35) 1424-1530','ari_stopassola_junior@email.com','12345678900','Rua Bento Goncalves, 123','Julio de Castilhos','95.900-000','1234567890');
INSERT INTO "pessoa" VALUES(27,'ARLEI EDUARDO JOHANN',21,'M','1990-06-09','(50) 1622-1885','arlei_eduardo_johann@email.com','12345678900','Rua Bento Goncalves, 123','Julio de Castilhos','95.900-000','1234567890');
INSERT INTO "pessoa" VALUES(28,'ARNALDO CARVALHO DE MELO',57,'M','1989-11-28','(17) 1020-1460','arnaldo_carvalho_de_melo@email.com','12345678900','Rua Bento Goncalves, 123','Julio de Castilhos','95.900-000','1234567890');
INSERT INTO "pessoa" VALUES(29,'ANGéLICA SILVEIRA',49,'F','1982-04-14','(59) 1156-1698','angelica_silveira@email.com','12345678900','Rua Bento Goncalves, 123','Julio de Castilhos','95.900-000','1234567890');
INSERT INTO "pessoa" VALUES(30,'AUGUSTO CAMPOS',72,'M','1989-04-07','(44) 1812-1259','augusto_campos@email.com','12345678900','Rua Bento Goncalves, 123','Julio de Castilhos','95.900-000','1234567890');
INSERT INTO "pessoa" VALUES(31,'BRENO DIAS PINHEIRO',10,'M','1984-01-09','(58) 1800-1009','breno_dias_pinheiro@email.com','12345678900','Rua Bento Goncalves, 123','Julio de Castilhos','95.900-000','1234567890');
INSERT INTO "pessoa" VALUES(32,'BRUH FONSECA',71,'F','1985-09-06','(59) 1908-1890','bruh_fonseca@email.com','12345678900','Rua Bento Goncalves, 123','Julio de Castilhos','95.900-000','1234567890');
INSERT INTO "pessoa" VALUES(33,'BRUNO KALASHNIKOV',65,'M','1988-12-03','(32) 1364-1851','bruno_kalashnikov@email.com','12345678900','Rua Bento Goncalves, 123','Julio de Castilhos','95.900-000','1234567890');
INSERT INTO "pessoa" VALUES(34,'BRUNO P. GONçALVES',76,'M','1984-05-20','(29) 1305-1272','bruno_p_goncalves@email.com','12345678900','Rua Bento Goncalves, 123','Julio de Castilhos','95.900-000','1234567890');
INSERT INTO "pessoa" VALUES(35,'CAMILA KIST',70,'F','1986-05-10','(51) 1836-1853','camila_kist@email.com','12345678900','Rua Bento Goncalves, 123','Julio de Castilhos','95.900-000','1234567890');
INSERT INTO "pessoa" VALUES(36,'CAMILA WAGNA',18,'F','1984-09-08','(55) 1330-1277','camila_wagna@email.com','12345678900','Rua Bento Goncalves, 123','Julio de Castilhos','95.900-000','1234567890');
INSERT INTO "pessoa" VALUES(37,'CARENZITA DALL OGLIO',49,'F','1983-09-22','(31) 1122-1899','carenzita_dall_oglio@email.com','12345678900','Rua Bento Goncalves, 123','Julio de Castilhos','95.900-000','1234567890');
INSERT INTO "pessoa" VALUES(38,'CARINE DANIELA SILVA',37,'F','1986-08-21','(25) 1257-1919','carine_daniela_silva@email.com','12345678900','Rua Bento Goncalves, 123','Julio de Castilhos','95.900-000','1234567890');
INSERT INTO "pessoa" VALUES(39,'CARLOS GIASSON',49,'M','1985-10-29','(48) 1239-1075','carlos_giasson@email.com','12345678900','Rua Bento Goncalves, 123','Julio de Castilhos','95.900-000','1234567890');
INSERT INTO "pessoa" VALUES(40,'CARLOS ROCHA',3,'M','1989-09-08','(33) 1912-1887','carlos_rocha@email.com','12345678900','Rua Bento Goncalves, 123','Julio de Castilhos','95.900-000','1234567890');
INSERT INTO "pessoa" VALUES(41,'CASSIANO BRENNER',71,'M','1981-02-09','(46) 1872-1687','cassiano_brenner@email.com','12345678900','Rua Bento Goncalves, 123','Julio de Castilhos','95.900-000','1234567890');
INSERT INTO "pessoa" VALUES(42,'CAUAN CABRAL',67,'M','1984-08-02','(47) 1859-1594','cauan_cabral@email.com','12345678900','Rua Bento Goncalves, 123','Julio de Castilhos','95.900-000','1234567890');
INSERT INTO "pessoa" VALUES(43,'CESAR BROD',13,'M','1986-06-02','(41) 1296-1958','cesar_brod@email.com','12345678900','Rua Bento Goncalves, 123','Julio de Castilhos','95.900-000','1234567890');
INSERT INTO "pessoa" VALUES(44,'CHARLES JR',19,'M','1986-11-14','(34) 1672-1264','charles_jr@email.com','12345678900','Rua Bento Goncalves, 123','Julio de Castilhos','95.900-000','1234567890');
INSERT INTO "pessoa" VALUES(45,'CHRISTIAN WEISKE',25,'M','1983-06-24','(47) 1495-1100','christian_weiske@email.com','12345678900','Rua Bento Goncalves, 123','Julio de Castilhos','95.900-000','1234567890');
INSERT INTO "pessoa" VALUES(46,'CHRISTIAN KIKO REIS',3,'M','1986-10-15','(40) 1385-1430','christian_kiko_reis@email.com','12345678900','Rua Bento Goncalves, 123','Julio de Castilhos','95.900-000','1234567890');
INSERT INTO "pessoa" VALUES(47,'CHRISTIANO LINUXMEN',60,'M','1988-02-07','(54) 1805-1552','christiano_linuxmen@email.com','12345678900','Rua Bento Goncalves, 123','Julio de Castilhos','95.900-000','1234567890');
INSERT INTO "pessoa" VALUES(48,'CLARISSA DA ROSA PRETTO',82,'F','1986-08-25','(49) 1110-1809','clarissa_da_rosa_pretto@email.com','12345678900','Rua Bento Goncalves, 123','Julio de Castilhos','95.900-000','1234567890');
INSERT INTO "pessoa" VALUES(49,'CORETE SCHEIBEL',75,'F','1983-03-19','(45) 1876-1048','corete_scheibel@email.com','12345678900','Rua Bento Goncalves, 123','Julio de Castilhos','95.900-000','1234567890');
INSERT INTO "pessoa" VALUES(50,'CRIS NEDDEF',49,'F','1983-02-10','(48) 1339-1961','cris_neddef@email.com','12345678900','Rua Bento Goncalves, 123','Julio de Castilhos','95.900-000','1234567890');
INSERT INTO "pessoa" VALUES(196,'RAFAEL B. PITROVSKI',42,'M','1986-03-08','(35) 1182-1828','rafael_b_pitrovski@email.com','12345678900','Rua Bento Goncalves, 123','Julio de Castilhos','95.900-000','1234567890');
INSERT INTO "pessoa" VALUES(197,'RAFAEL DULLIUS',26,'M','1989-02-20','(35) 1523-1361','rafael_dullius@email.com','12345678900','Rua Bento Goncalves, 123','Julio de Castilhos','95.900-000','1234567890');
INSERT INTO "pessoa" VALUES(198,'RAFAEL G. FERNANDES',49,'M','1985-05-18','(47) 1173-1833','rafael_g_fernandes@email.com','12345678900','Rua Bento Goncalves, 123','Julio de Castilhos','95.900-000','1234567890');
INSERT INTO "pessoa" VALUES(199,'RAFAEL PAVIN',3,'M','1980-11-01','(11) 1484-1405','rafael_pavin@email.com','12345678900','Rua Bento Goncalves, 123','Julio de Castilhos','95.900-000','1234567890');
INSERT INTO "pessoa" VALUES(200,'RAFAEL PEREGRINO DA SILVA',73,'M','1981-10-09','(39) 1812-1700','rafael_peregrino_da_silva@email.com','12345678900','Rua Bento Goncalves, 123','Julio de Castilhos','95.900-000','1234567890');
INSERT INTO "pessoa" VALUES(201,'RAFAEL SOBIS',3,'M','1983-11-08','(30) 1894-1353','rafael_sobis@email.com','12345678900','Rua Bento Goncalves, 123','Julio de Castilhos','95.900-000','1234567890');
INSERT INTO "pessoa" VALUES(202,'RAFAEL SPENGLER',49,'M','1980-09-06','(19) 1145-1772','rafael_spengler@email.com','12345678900','Rua Bento Goncalves, 123','Julio de Castilhos','95.900-000','1234567890');
INSERT INTO "pessoa" VALUES(203,'RAFITCHIA PINóS',69,'F','1987-02-15','(60) 1115-1042','rafitchia_pinos@email.com','12345678900','Rua Bento Goncalves, 123','Julio de Castilhos','95.900-000','1234567890');
INSERT INTO "pessoa" VALUES(204,'RALF BRAGA',58,'M','1988-09-05','(18) 1880-1852','ralf_braga@email.com','12345678900','Rua Bento Goncalves, 123','Julio de Castilhos','95.900-000','1234567890');
INSERT INTO "pessoa" VALUES(205,'RANZI RANZI',74,'M','1981-08-11','(39) 1861-1254','ranzi_ranzi@email.com','12345678900','Rua Bento Goncalves, 123','Julio de Castilhos','95.900-000','1234567890');
INSERT INTO "pessoa" VALUES(84,'FABIO WIEBBELLING',49,'M','1990-12-28','(17) 1461-1634','fabio_wiebbelling@email.com','12345678900','Rua Bento Goncalves, 123','Julio de Castilhos','95.900-000','1234567890');
INSERT INTO "pessoa" VALUES(85,'FABIO FOGLIARINI BROLESI',20,'M','1982-06-27','(38) 1226-1630','fabio_fogliarini_brolesi@email.com','12345678900','Rua Bento Goncalves, 123','Julio de Castilhos','95.900-000','1234567890');
INSERT INTO "pessoa" VALUES(86,'FABRíCIO KOHLER',51,'M','1982-07-24','(24) 1461-1011','fabricio_kohler@email.com','12345678900','Rua Bento Goncalves, 123','Julio de Castilhos','95.900-000','1234567890');
INSERT INTO "pessoa" VALUES(87,'FABRíCIO KNEIPP',41,'M','1981-10-11','(40) 1402-1318','fabricio_kneipp@email.com','12345678900','Rua Bento Goncalves, 123','Julio de Castilhos','95.900-000','1234567890');
INSERT INTO "pessoa" VALUES(88,'FEFE A. GIORDANI',5,'M','1983-10-09','(20) 1157-1894','fefe_a_giordani@email.com','12345678900','Rua Bento Goncalves, 123','Julio de Castilhos','95.900-000','1234567890');
INSERT INTO "pessoa" VALUES(89,'FELIPE DALL OGLIO DA CUNHA',15,'M','1987-09-05','(26) 1609-1197','felipe_dall_oglio_da_cunha@email.com','12345678900','Rua Bento Goncalves, 123','Julio de Castilhos','95.900-000','1234567890');
INSERT INTO "pessoa" VALUES(90,'FERNANDA ALVES CHAVES',67,'F','1988-11-13','(10) 1334-1556','fernanda_alves_chaves@email.com','12345678900','Rua Bento Goncalves, 123','Julio de Castilhos','95.900-000','1234567890');
INSERT INTO "pessoa" VALUES(91,'FERNANDA GELATTI',49,'F','1988-02-26','(27) 1677-1641','fernanda_gelatti@email.com','12345678900','Rua Bento Goncalves, 123','Julio de Castilhos','95.900-000','1234567890');
INSERT INTO "pessoa" VALUES(92,'FERNANDO ARTMANN',28,'M','1981-04-09','(30) 1635-1186','fernando_artmann@email.com','12345678900','Rua Bento Goncalves, 123','Julio de Castilhos','95.900-000','1234567890');
INSERT INTO "pessoa" VALUES(93,'FERNANDO CORREA DA CONCEIçãO',3,'M','1988-07-06','(14) 1549-1716','fernando_correa_da_conceicao@email.com','12345678900','Rua Bento Goncalves, 123','Julio de Castilhos','95.900-000','1234567890');
INSERT INTO "pessoa" VALUES(94,'FERNANDO ECKERT',75,'M','1988-07-04','(58) 1697-1177','fernando_eckert@email.com','12345678900','Rua Bento Goncalves, 123','Julio de Castilhos','95.900-000','1234567890');
INSERT INTO "pessoa" VALUES(95,'FERNANDO LACERDA MACHADO',63,'M','1988-09-18','(39) 1248-1402','fernando_lacerda_machado@email.com','12345678900','Rua Bento Goncalves, 123','Julio de Castilhos','95.900-000','1234567890');
INSERT INTO "pessoa" VALUES(96,'FRAN BAPTISTELLA',20,'F','1987-11-05','(21) 1534-1864','fran_baptistella@email.com','12345678900','Rua Bento Goncalves, 123','Julio de Castilhos','95.900-000','1234567890');
INSERT INTO "pessoa" VALUES(133,'JOSé PAULO HRYNIEWICZ CHIDOSKI',16,'M','1983-12-27','(34) 1806-1573','jose_paulo_hryniewicz_chidoski@email.com','12345678900','Rua Bento Goncalves, 123','Julio de Castilhos','95.900-000','1234567890');
INSERT INTO "pessoa" VALUES(134,'JOSé PISSIN',8,'M','1989-02-25','(26) 1178-1824','jose_pissin@email.com','12345678900','Rua Bento Goncalves, 123','Julio de Castilhos','95.900-000','1234567890');
INSERT INTO "pessoa" VALUES(135,'JOãO VITOR HANNA',80,'M','1990-12-22','(11) 1455-1207','joao_vitor_hanna@email.com','12345678900','Rua Bento Goncalves, 123','Julio de Castilhos','95.900-000','1234567890');
INSERT INTO "pessoa" VALUES(136,'JULIANA FAVA E SILVA',49,'F','1988-11-06','(37) 1673-1892','juliana_fava_e_silva@email.com','12345678900','Rua Bento Goncalves, 123','Julio de Castilhos','95.900-000','1234567890');
INSERT INTO "pessoa" VALUES(137,'JULIANO BARRETO',19,'F','1988-10-20','(17) 1087-1584','juliano_barreto@email.com','12345678900','Rua Bento Goncalves, 123','Julio de Castilhos','95.900-000','1234567890');
INSERT INTO "pessoa" VALUES(138,'JULIANO STONE VALENTINI',85,'M','1980-04-21','(12) 1177-1130','juliano_stone_valentini@email.com','12345678900','Rua Bento Goncalves, 123','Julio de Castilhos','95.900-000','1234567890');
INSERT INTO "pessoa" VALUES(139,'JUNIOR VAMPETA JUAREZ FRACALOSSI',19,'M','1981-06-10','(44) 1969-1720','junior_vampeta_juarez_fracalossi@email.com','12345678900','Rua Bento Goncalves, 123','Julio de Castilhos','95.900-000','1234567890');
INSERT INTO "pessoa" VALUES(140,'Jú LEIPELT',75,'F','1987-11-15','(55) 1927-1215','ju_leipelt@email.com','12345678900','Rua Bento Goncalves, 123','Julio de Castilhos','95.900-000','1234567890');
INSERT INTO "pessoa" VALUES(141,'JúLIA HAUBERT',49,'F','1988-03-09','(41) 1154-1138','julia_haubert@email.com','12345678900','Rua Bento Goncalves, 123','Julio de Castilhos','95.900-000','1234567890');
INSERT INTO "pessoa" VALUES(142,'JúNIOR MULINARI',49,'M','1988-07-11','(14) 1942-1026','junior_mulinari@email.com','12345678900','Rua Bento Goncalves, 123','Julio de Castilhos','95.900-000','1234567890');
INSERT INTO "pessoa" VALUES(143,'LEONARDO FELL',51,'M','1989-11-10','(41) 1418-1833','leonardo_fell@email.com','12345678900','Rua Bento Goncalves, 123','Julio de Castilhos','95.900-000','1234567890');
INSERT INTO "pessoa" VALUES(144,'LEONARDO SOLDATELLI',3,'M','1988-10-13','(20) 1728-1011','leonardo_soldatelli@email.com','12345678900','Rua Bento Goncalves, 123','Julio de Castilhos','95.900-000','1234567890');
INSERT INTO "pessoa" VALUES(145,'LETíCIA RIBEIRO',3,'F','1987-10-12','(11) 1753-1466','leticia_ribeiro@email.com','12345678900','Rua Bento Goncalves, 123','Julio de Castilhos','95.900-000','1234567890');
INSERT INTO "pessoa" VALUES(146,'LILIAN SANTOS',49,'F','1984-07-08','(21) 1287-1139','lilian_santos@email.com','12345678900','Rua Bento Goncalves, 123','Julio de Castilhos','95.900-000','1234567890');
INSERT INTO "pessoa" VALUES(147,'LUANA DALL OGLIO',46,'F','1986-05-03','(16) 1436-1226','luana_dall_oglio@email.com','12345678900','Rua Bento Goncalves, 123','Julio de Castilhos','95.900-000','1234567890');
INSERT INTO "pessoa" VALUES(148,'LUCAS LEITE',11,'M','1982-05-10','(45) 1486-1404','lucas_leite@email.com','12345678900','Rua Bento Goncalves, 123','Julio de Castilhos','95.900-000','1234567890');
INSERT INTO "pessoa" VALUES(149,'LUCAS ROCHA',19,'M','1989-07-24','(51) 1165-1373','lucas_rocha@email.com','12345678900','Rua Bento Goncalves, 123','Julio de Castilhos','95.900-000','1234567890');
INSERT INTO "pessoa" VALUES(150,'LUCAS WARKEN I',49,'M','1982-04-22','(37) 1067-1300','lucas_warken_i@email.com','12345678900','Rua Bento Goncalves, 123','Julio de Castilhos','95.900-000','1234567890');
INSERT INTO "pessoa" VALUES(151,'LUCIANA FREITAS MENEZES',3,'F','1987-01-27','(48) 1685-1454','luciana_freitas_menezes@email.com','12345678900','Rua Bento Goncalves, 123','Julio de Castilhos','95.900-000','1234567890');
INSERT INTO "pessoa" VALUES(152,'LUCIANO GREINER DOS SANTOS',3,'M','1990-10-14','(55) 1773-1396','luciano_greiner_dos_santos@email.com','12345678900','Rua Bento Goncalves, 123','Julio de Castilhos','95.900-000','1234567890');
INSERT INTO "pessoa" VALUES(153,'LUIS PAULO',51,'M','1983-10-11','(56) 1391-1813','luis_paulo@email.com','12345678900','Rua Bento Goncalves, 123','Julio de Castilhos','95.900-000','1234567890');
INSERT INTO "pessoa" VALUES(154,'LUIS FELIPE GERHARDT',51,'M','1986-08-05','(48) 1583-1541','luis_felipe_gerhardt@email.com','12345678900','Rua Bento Goncalves, 123','Julio de Castilhos','95.900-000','1234567890');
INSERT INTO "pessoa" VALUES(155,'LUIZ BLANES',19,'M','1980-04-27','(49) 1599-1295','luiz_blanes@email.com','12345678900','Rua Bento Goncalves, 123','Julio de Castilhos','95.900-000','1234567890');
INSERT INTO "pessoa" VALUES(156,'LUIZ GUARALDO',19,'M','1984-09-14','(22) 1822-1582','luiz_guaraldo@email.com','12345678900','Rua Bento Goncalves, 123','Julio de Castilhos','95.900-000','1234567890');
INSERT INTO "pessoa" VALUES(222,'RUDI UHRIG',49,'M','1985-10-13','(39) 1562-1416','rudi_uhrig@email.com','12345678900','Rua Bento Goncalves, 123','Julio de Castilhos','95.900-000','1234567890');
INSERT INTO "pessoa" VALUES(223,'SAMY PETTER',49,'F','1988-02-07','(12) 1097-1198','samy_petter@email.com','12345678900','Rua Bento Goncalves, 123','Julio de Castilhos','95.900-000','1234567890');
INSERT INTO "pessoa" VALUES(224,'SANDRO LEX',19,'M','1982-10-23','(41) 1673-1142','sandro_lex@email.com','12345678900','Rua Bento Goncalves, 123','Julio de Castilhos','95.900-000','1234567890');
INSERT INTO "pessoa" VALUES(225,'SANDRO RIGO',71,'M','1984-08-13','(14) 1102-1659','sandro_rigo@email.com','12345678900','Rua Bento Goncalves, 123','Julio de Castilhos','95.900-000','1234567890');
INSERT INTO "pessoa" VALUES(226,'SARA DE CASTRO',49,'F','1982-10-05','(30) 1785-1457','sara_de_castro@email.com','12345678900','Rua Bento Goncalves, 123','Julio de Castilhos','95.900-000','1234567890');
INSERT INTO "pessoa" VALUES(227,'SERGIO ROBERTO',68,'M','1983-07-04','(15) 1904-1364','sergio_roberto@email.com','12345678900','Rua Bento Goncalves, 123','Julio de Castilhos','95.900-000','1234567890');
INSERT INTO "pessoa" VALUES(228,'SILVIA CARINI',37,'F','1985-10-02','(42) 1982-1741','silvia_carini@email.com','12345678900','Rua Bento Goncalves, 123','Julio de Castilhos','95.900-000','1234567890');
INSERT INTO "pessoa" VALUES(229,'SILVIO CéSAR CAZELLA',3,'M','1984-02-16','(51) 1193-1422','silvio_cesar_cazella@email.com','12345678900','Rua Bento Goncalves, 123','Julio de Castilhos','95.900-000','1234567890');
INSERT INTO "pessoa" VALUES(230,'STEPH FOX',52,'F','1989-04-16','(40) 1020-1813','steph_fox@email.com','12345678900','Rua Bento Goncalves, 123','Julio de Castilhos','95.900-000','1234567890');
INSERT INTO "pessoa" VALUES(231,'TEONI VALOIS',45,'M','1982-02-10','(41) 1274-1613','teoni_valois@email.com','12345678900','Rua Bento Goncalves, 123','Julio de Castilhos','95.900-000','1234567890');
INSERT INTO "pessoa" VALUES(232,'TIAGO MENEZES',3,'M','1986-07-06','(22) 1850-1175','tiago_menezes@email.com','12345678900','Rua Bento Goncalves, 123','Julio de Castilhos','95.900-000','1234567890');
INSERT INTO "pessoa" VALUES(233,'VALERIA LONI',40,'F','1990-05-09','(43) 1893-1272','valeria_loni@email.com','12345678900','Rua Bento Goncalves, 123','Julio de Castilhos','95.900-000','1234567890');
INSERT INTO "pessoa" VALUES(234,'VANDERLEIA HENZ',75,'F','1982-08-03','(53) 1518-1945','vanderleia_henz@email.com','12345678900','Rua Bento Goncalves, 123','Julio de Castilhos','95.900-000','1234567890');
INSERT INTO "pessoa" VALUES(235,'VERôNICA HENZ',49,'F','1989-12-21','(60) 1603-1047','veronica_henz@email.com','12345678900','Rua Bento Goncalves, 123','Julio de Castilhos','95.900-000','1234567890');
INSERT INTO "pessoa" VALUES(236,'VILSON GARTNER',51,'M','1984-03-16','(43) 1011-1831','vilson_gartner@email.com','12345678900','Rua Bento Goncalves, 123','Julio de Castilhos','95.900-000','1234567890');
INSERT INTO "pessoa" VALUES(237,'VINICIUS FERLA',55,'M','1985-06-02','(15) 1104-1735','vinicius_ferla@email.com','12345678900','Rua Bento Goncalves, 123','Julio de Castilhos','95.900-000','1234567890');
INSERT INTO "pessoa" VALUES(238,'VINíCIUS FERREIRA',71,'M','1986-11-25','(34) 1749-1718','vinicius_ferreira@email.com','12345678900','Rua Bento Goncalves, 123','Julio de Castilhos','95.900-000','1234567890');
INSERT INTO "pessoa" VALUES(239,'VIVIANE BERNER',49,'F','1986-05-28','(21) 1560-1911','viviane_berner@email.com','12345678900','Rua Bento Goncalves, 123','Julio de Castilhos','95.900-000','1234567890');
INSERT INTO "pessoa" VALUES(240,'WAGNER DANDA',3,'M','1982-04-06','(42) 1165-1931','wagner_danda@email.com','12345678900','Rua Bento Goncalves, 123','Julio de Castilhos','95.900-000','1234567890');
INSERT INTO "pessoa" VALUES(241,'WILL SCATOLA',49,'M','1987-06-09','(32) 1778-1205','will_scatola@email.com','12345678900','Rua Bento Goncalves, 123','Julio de Castilhos','95.900-000','1234567890');
INSERT INTO "pessoa" VALUES(242,'WILLIAM PRIGOL LOPES',54,'M','1990-01-26','(13) 1015-1056','william_prigol_lopes@email.com','12345678900','Rua Bento Goncalves, 123','Julio de Castilhos','95.900-000','1234567890');
INSERT INTO "pessoa" VALUES(243,'JéFERSON VALANDRO',49,'M','1981-01-09','(22) 1668-1949','jeferson_valandro@email.com','12345678900','Rua Bento Goncalves, 123','Julio de Castilhos','95.900-000','1234567890');
INSERT INTO "pessoa" VALUES(244,'TONHO CHANAN',82,'M','1984-04-27','(35) 1520-1467','tonho_chanan@email.com','12345678900','Rua Bento Goncalves, 123','Julio de Castilhos','95.900-000','1234567890');
INSERT INTO "pessoa" VALUES(245,'ADLER MEDRADO',24,'M','1985-03-27','(33) 1514-1070','adler_medrado@email.com','12345678900','Rua Bento Goncalves, 123','Julio de Castilhos','95.900-000','1234567890');
INSERT INTO "pessoa" VALUES(246,'CAIKE SOUZA',40,'M','1982-07-03','(35) 1167-1081','caike_souza@email.com','12345678900','Rua Bento Goncalves, 123','Julio de Castilhos','95.900-000','1234567890');
INSERT INTO "pessoa" VALUES(247,'GUSTAVO SCHABBACH',49,'M','1987-12-16','(27) 1276-1185','gustavo_schabbach@email.com','12345678900','Rua Bento Goncalves, 123','Julio de Castilhos','95.900-000','1234567890');
INSERT INTO "pessoa" VALUES(248,'FRANCISCO SCHWERTNER',51,'M','1987-08-14','(13) 1749-1934','francisco_schwertner@email.com','12345678900','Rua Bento Goncalves, 123','Julio de Castilhos','95.900-000','1234567890');
INSERT INTO "pessoa" VALUES(249,'PALOMA COSTA',3,'F','1986-04-24','(49) 1963-1494','paloma_costa@email.com','12345678900','Rua Bento Goncalves, 123','Julio de Castilhos','95.900-000','1234567890');
INSERT INTO "pessoa" VALUES(250,'LUCIELE BOTTONI',49,'F','1985-05-02','(45) 1600-1659','luciele_bottoni@email.com','12345678900','Rua Bento Goncalves, 123','Julio de Castilhos','95.900-000','1234567890');
INSERT INTO "pessoa" VALUES(251,'EDSON PORTO CARDOSO',49,'M','1987-02-15','(41) 1049-1437','edson_porto_cardoso@email.com','12345678900','Rua Bento Goncalves, 123','Julio de Castilhos','95.900-000','1234567890');
CREATE TABLE venda (
    id integer NOT NULL,
    dt_venda date,
    id_vendedor integer,
    id_cliente integer,
    id_filial integer
, quitada boolean);
INSERT INTO "venda" VALUES(1,'2010-12-17',1,12,1,'t');
INSERT INTO "venda" VALUES(2,'2010-08-27',1,46,1,'t');
INSERT INTO "venda" VALUES(3,'2010-07-27',1,118,1,'t');
INSERT INTO "venda" VALUES(4,'2010-11-29',1,250,1,'t');
INSERT INTO "venda" VALUES(5,'2010-10-16',2,222,1,'t');
INSERT INTO "venda" VALUES(6,'2010-10-19',2,3,1,'t');
INSERT INTO "venda" VALUES(7,'2010-07-25',2,53,1,'t');
INSERT INTO "venda" VALUES(8,'2010-10-20',2,11,1,'t');
INSERT INTO "venda" VALUES(9,'2010-09-27',3,226,1,'t');
INSERT INTO "venda" VALUES(10,'2010-11-22',3,16,1,'t');
INSERT INTO "venda" VALUES(11,'2010-09-20',3,111,1,'t');
INSERT INTO "venda" VALUES(12,'2010-10-25',3,84,1,'t');
INSERT INTO "venda" VALUES(13,'2010-10-21',4,229,1,'t');
INSERT INTO "venda" VALUES(14,'2010-11-20',4,151,1,'t');
INSERT INTO "venda" VALUES(15,'2010-09-22',4,223,1,'t');
INSERT INTO "venda" VALUES(16,'2010-07-23',4,102,1,'t');
INSERT INTO "venda" VALUES(17,'2010-11-19',5,155,2,'t');
INSERT INTO "venda" VALUES(18,'2010-09-24',5,75,2,'t');
INSERT INTO "venda" VALUES(19,'2010-12-26',5,116,2,'f');
INSERT INTO "venda" VALUES(20,'2010-09-19',5,210,2,'t');
INSERT INTO "venda" VALUES(21,'2010-07-22',6,8,2,'t');
INSERT INTO "venda" VALUES(22,'2010-07-19',6,44,2,'t');
INSERT INTO "venda" VALUES(23,'2010-07-18',6,137,2,'t');
INSERT INTO "venda" VALUES(24,'2010-11-21',6,149,2,'t');
INSERT INTO "venda" VALUES(25,'2010-07-20',7,155,2,'t');
INSERT INTO "venda" VALUES(26,'2010-07-16',7,44,2,'t');
INSERT INTO "venda" VALUES(27,'2010-11-27',7,116,2,'t');
INSERT INTO "venda" VALUES(28,'2010-07-28',7,224,2,'t');
INSERT INTO "venda" VALUES(29,'2010-07-16',8,149,2,'t');
INSERT INTO "venda" VALUES(30,'2010-07-26',8,75,2,'t');
INSERT INTO "venda" VALUES(31,'2010-11-16',8,137,2,'t');
INSERT INTO "venda" VALUES(32,'2010-07-22',8,224,2,'t');
INSERT INTO "venda" VALUES(33,'2010-10-18',9,87,3,'t');
INSERT INTO "venda" VALUES(34,'2010-06-25',9,233,3,'t');
INSERT INTO "venda" VALUES(35,'2010-07-15',9,211,3,'t');
INSERT INTO "venda" VALUES(36,'2010-11-27',9,246,3,'t');
INSERT INTO "venda" VALUES(37,'2010-12-27',10,163,3,'t');
INSERT INTO "venda" VALUES(38,'2010-07-28',10,246,3,'t');
INSERT INTO "venda" VALUES(39,'2010-10-22',10,59,3,'t');
INSERT INTO "venda" VALUES(40,'2010-08-28',10,54,3,'t');
INSERT INTO "venda" VALUES(41,'2010-10-22',11,233,3,'t');
INSERT INTO "venda" VALUES(42,'2010-10-18',11,87,3,'t');
INSERT INTO "venda" VALUES(43,'2010-07-24',11,163,3,'t');
INSERT INTO "venda" VALUES(44,'2010-10-21',11,59,3,'t');
INSERT INTO "venda" VALUES(45,'2010-09-21',12,163,3,'t');
INSERT INTO "venda" VALUES(46,'2010-12-29',12,211,3,'t');
INSERT INTO "venda" VALUES(47,'2010-12-23',12,87,3,'t');
INSERT INTO "venda" VALUES(48,'2010-10-19',12,59,3,'t');
INSERT INTO "venda" VALUES(49,'2010-10-21',13,208,4,'t');
INSERT INTO "venda" VALUES(50,'2010-10-21',13,9,4,'t');
INSERT INTO "venda" VALUES(51,'2010-12-18',13,188,4,'t');
INSERT INTO "venda" VALUES(52,'2010-10-16',13,70,4,'t');
INSERT INTO "venda" VALUES(53,'2010-07-24',14,33,4,'t');
INSERT INTO "venda" VALUES(54,'2010-07-26',14,188,4,'t');
INSERT INTO "venda" VALUES(55,'2010-07-22',14,191,4,'t');
INSERT INTO "venda" VALUES(56,'2010-06-19',14,117,4,'t');
INSERT INTO "venda" VALUES(57,'2010-12-18',15,33,4,'t');
INSERT INTO "venda" VALUES(58,'2010-08-25',15,95,4,'t');
INSERT INTO "venda" VALUES(59,'2010-07-22',15,133,4,'t');
INSERT INTO "venda" VALUES(60,'2010-08-16',15,70,4,'t');
INSERT INTO "venda" VALUES(61,'2010-08-16',16,70,4,'t');
INSERT INTO "venda" VALUES(62,'2010-11-26',16,9,4,'t');
INSERT INTO "venda" VALUES(63,'2010-10-16',16,33,4,'t');
INSERT INTO "venda" VALUES(64,'2010-10-22',16,27,4,'t');
CREATE TABLE venda_itens (
    id integer NOT NULL,
    id_venda integer,
    id_produto integer,
    quantidade integer,
    valor numeric(14,2)
);
INSERT INTO "venda_itens" VALUES(1,1,6790,3,936);
INSERT INTO "venda_itens" VALUES(2,2,20651,6,44.2);
INSERT INTO "venda_itens" VALUES(3,3,20531,5,474.5);
INSERT INTO "venda_itens" VALUES(4,4,45450,7,113.1);
INSERT INTO "venda_itens" VALUES(5,5,11478,8,439.4);
INSERT INTO "venda_itens" VALUES(6,6,9431,4,9.1);
INSERT INTO "venda_itens" VALUES(7,7,23145,4,10.4);
INSERT INTO "venda_itens" VALUES(8,8,80020,10,130);
INSERT INTO "venda_itens" VALUES(9,9,31880,5,6.5);
INSERT INTO "venda_itens" VALUES(10,10,32955,5,244.4);
INSERT INTO "venda_itens" VALUES(11,11,75082,7,146.9);
INSERT INTO "venda_itens" VALUES(12,12,93923,2,163.8);
INSERT INTO "venda_itens" VALUES(13,13,85623,3,101.4);
INSERT INTO "venda_itens" VALUES(14,14,35644,3,18.2);
INSERT INTO "venda_itens" VALUES(15,15,80383,7,136.5);
INSERT INTO "venda_itens" VALUES(16,16,256,6,1.95);
INSERT INTO "venda_itens" VALUES(17,17,13658,8,286);
INSERT INTO "venda_itens" VALUES(18,18,16325,11,49.4);
INSERT INTO "venda_itens" VALUES(19,19,9432,8,32.5);
INSERT INTO "venda_itens" VALUES(20,20,675,2,119.6);
INSERT INTO "venda_itens" VALUES(21,21,22263,10,33.8);
INSERT INTO "venda_itens" VALUES(22,22,60188,1,10.4);
INSERT INTO "venda_itens" VALUES(23,23,92160,2,637);
INSERT INTO "venda_itens" VALUES(24,24,1687,8,7.8);
INSERT INTO "venda_itens" VALUES(25,25,12242,4,45.5);
INSERT INTO "venda_itens" VALUES(26,26,31880,1,6.5);
INSERT INTO "venda_itens" VALUES(27,27,15161,4,461.5);
INSERT INTO "venda_itens" VALUES(28,28,33500,11,50.7);
INSERT INTO "venda_itens" VALUES(29,29,22395,4,30.55);
INSERT INTO "venda_itens" VALUES(30,30,52781,3,40.3);
INSERT INTO "venda_itens" VALUES(31,31,19584,8,412.1);
INSERT INTO "venda_itens" VALUES(32,32,18838,4,7.8);
INSERT INTO "venda_itens" VALUES(33,33,28200,9,208);
INSERT INTO "venda_itens" VALUES(34,34,13522,10,46.8);
INSERT INTO "venda_itens" VALUES(35,35,37424,4,5.2);
INSERT INTO "venda_itens" VALUES(36,36,9306,5,11.7);
INSERT INTO "venda_itens" VALUES(37,37,18029,9,42.9);
INSERT INTO "venda_itens" VALUES(38,38,26701,6,53.3);
INSERT INTO "venda_itens" VALUES(39,39,91939,8,66.3);
INSERT INTO "venda_itens" VALUES(40,40,12303,4,78);
INSERT INTO "venda_itens" VALUES(41,41,13073,3,15.6);
INSERT INTO "venda_itens" VALUES(42,42,81881,10,170.3);
INSERT INTO "venda_itens" VALUES(43,43,63220,8,7.15);
INSERT INTO "venda_itens" VALUES(44,44,91350,3,135.2);
INSERT INTO "venda_itens" VALUES(45,45,29494,8,46.8);
INSERT INTO "venda_itens" VALUES(46,46,70205,6,232.7);
INSERT INTO "venda_itens" VALUES(47,47,3711,11,89.7);
INSERT INTO "venda_itens" VALUES(48,48,2582,5,42.9);
INSERT INTO "venda_itens" VALUES(49,49,13590,4,42.9);
INSERT INTO "venda_itens" VALUES(50,50,12217,4,106.6);
INSERT INTO "venda_itens" VALUES(51,51,11215,1,370.5);
INSERT INTO "venda_itens" VALUES(52,52,32008,5,71.5);
INSERT INTO "venda_itens" VALUES(53,53,14578,7,66.3);
INSERT INTO "venda_itens" VALUES(54,54,130,10,435.5);
INSERT INTO "venda_itens" VALUES(55,55,40154,4,23.4);
INSERT INTO "venda_itens" VALUES(56,56,85623,2,101.4);
INSERT INTO "venda_itens" VALUES(57,57,91212,11,23.4);
INSERT INTO "venda_itens" VALUES(58,58,14420,4,219.7);
INSERT INTO "venda_itens" VALUES(59,59,51102,1,143);
INSERT INTO "venda_itens" VALUES(60,60,11965,3,78);
INSERT INTO "venda_itens" VALUES(61,61,62532,2,61.1);
INSERT INTO "venda_itens" VALUES(62,62,1791,6,201.5);
INSERT INTO "venda_itens" VALUES(63,63,17832,3,29.9);
INSERT INTO "venda_itens" VALUES(64,64,22008,5,89.7);
INSERT INTO "venda_itens" VALUES(65,1,85025,5,36.4);
INSERT INTO "venda_itens" VALUES(66,2,70141,9,226.2);
INSERT INTO "venda_itens" VALUES(67,3,17832,9,29.9);
INSERT INTO "venda_itens" VALUES(68,4,13021,8,23.4);
INSERT INTO "venda_itens" VALUES(69,5,85702,5,159.9);
INSERT INTO "venda_itens" VALUES(70,6,82315,8,7.8);
INSERT INTO "venda_itens" VALUES(71,7,50150,7,102.7);
INSERT INTO "venda_itens" VALUES(72,8,8695,7,31.2);
INSERT INTO "venda_itens" VALUES(73,9,18029,6,42.9);
INSERT INTO "venda_itens" VALUES(74,10,88103,8,7.8);
INSERT INTO "venda_itens" VALUES(75,11,5139,3,22.75);
INSERT INTO "venda_itens" VALUES(76,12,14811,2,81.25);
INSERT INTO "venda_itens" VALUES(77,13,16024,9,65);
INSERT INTO "venda_itens" VALUES(78,14,66601,10,322.4);
INSERT INTO "venda_itens" VALUES(79,15,16292,5,63.7);
INSERT INTO "venda_itens" VALUES(80,16,44513,7,9.1);
INSERT INTO "venda_itens" VALUES(81,17,21348,11,14.3);
INSERT INTO "venda_itens" VALUES(82,18,65295,10,7.15);
INSERT INTO "venda_itens" VALUES(83,19,80921,8,299);
INSERT INTO "venda_itens" VALUES(84,20,50142,6,357.5);
INSERT INTO "venda_itens" VALUES(85,21,42236,6,637);
INSERT INTO "venda_itens" VALUES(86,22,22246,2,46.8);
INSERT INTO "venda_itens" VALUES(87,23,28282,7,6.5);
INSERT INTO "venda_itens" VALUES(88,24,66001,9,46.8);
INSERT INTO "venda_itens" VALUES(89,25,800,2,7.8);
INSERT INTO "venda_itens" VALUES(90,26,62001,5,7.8);
INSERT INTO "venda_itens" VALUES(91,27,17485,4,7.15);
INSERT INTO "venda_itens" VALUES(92,28,33113,11,19.5);
INSERT INTO "venda_itens" VALUES(93,29,22362,9,244.4);
INSERT INTO "venda_itens" VALUES(94,30,55580,6,156);
INSERT INTO "venda_itens" VALUES(95,31,30182,8,182);
INSERT INTO "venda_itens" VALUES(96,32,68108,10,9.1);
INSERT INTO "venda_itens" VALUES(97,33,20293,2,31.2);
INSERT INTO "venda_itens" VALUES(98,34,10980,11,88.4);
INSERT INTO "venda_itens" VALUES(99,35,18509,5,312);
INSERT INTO "venda_itens" VALUES(100,36,86448,8,119.6);
INSERT INTO "venda_itens" VALUES(101,37,43838,1,11.7);
INSERT INTO "venda_itens" VALUES(102,38,31721,7,68.25);
INSERT INTO "venda_itens" VALUES(103,39,51725,8,163.8);
INSERT INTO "venda_itens" VALUES(104,40,32324,7,24.7);
INSERT INTO "venda_itens" VALUES(105,41,33433,2,193.7);
INSERT INTO "venda_itens" VALUES(106,42,93068,6,149.5);
INSERT INTO "venda_itens" VALUES(107,43,50051,4,123.5);
INSERT INTO "venda_itens" VALUES(108,44,6718,11,42.9);
INSERT INTO "venda_itens" VALUES(109,45,20810,4,14.3);
INSERT INTO "venda_itens" VALUES(110,46,6159,10,2.6);
INSERT INTO "venda_itens" VALUES(111,47,5397,9,54.6);
INSERT INTO "venda_itens" VALUES(112,48,33300,3,46.8);
INSERT INTO "venda_itens" VALUES(113,49,86424,11,119.6);
INSERT INTO "venda_itens" VALUES(114,50,11712,3,88.4);
INSERT INTO "venda_itens" VALUES(115,51,72545,3,702);
INSERT INTO "venda_itens" VALUES(116,52,15470,7,183.3);
INSERT INTO "venda_itens" VALUES(117,53,17345,10,1092);
INSERT INTO "venda_itens" VALUES(118,54,6091,5,124.8);
INSERT INTO "venda_itens" VALUES(119,55,31836,7,12.35);
INSERT INTO "venda_itens" VALUES(120,56,11580,3,20.8);
INSERT INTO "venda_itens" VALUES(121,57,256,3,1.95);
INSERT INTO "venda_itens" VALUES(122,58,70552,8,96.2);
INSERT INTO "venda_itens" VALUES(123,59,38361,8,16.9);
INSERT INTO "venda_itens" VALUES(124,60,15175,8,54.6);
INSERT INTO "venda_itens" VALUES(125,61,40383,6,37.7);
INSERT INTO "venda_itens" VALUES(126,62,22408,3,30.55);
INSERT INTO "venda_itens" VALUES(127,63,53220,5,500.5);
INSERT INTO "venda_itens" VALUES(128,64,94120,8,244.4);
INSERT INTO "venda_itens" VALUES(129,1,37470,7,104);
INSERT INTO "venda_itens" VALUES(130,2,25464,3,309.4);
INSERT INTO "venda_itens" VALUES(131,3,10242,4,122.2);
INSERT INTO "venda_itens" VALUES(132,4,4996,7,8.45);
INSERT INTO "venda_itens" VALUES(133,5,85236,4,27.3);
INSERT INTO "venda_itens" VALUES(134,6,41614,9,80.6);
INSERT INTO "venda_itens" VALUES(135,7,4039,5,20.8);
INSERT INTO "venda_itens" VALUES(136,8,12529,5,14.3);
INSERT INTO "venda_itens" VALUES(137,9,6343,5,18.2);
INSERT INTO "venda_itens" VALUES(138,10,130,10,435.5);
INSERT INTO "venda_itens" VALUES(139,11,81881,6,170.3);
INSERT INTO "venda_itens" VALUES(140,12,2402,1,107.9);
INSERT INTO "venda_itens" VALUES(141,13,3411,1,88.4);
INSERT INTO "venda_itens" VALUES(142,14,11661,10,18.2);
INSERT INTO "venda_itens" VALUES(143,15,68354,3,106.6);
INSERT INTO "venda_itens" VALUES(144,16,36011,7,37.7);
INSERT INTO "venda_itens" VALUES(145,17,15060,2,97.5);
INSERT INTO "venda_itens" VALUES(146,18,71093,4,37.7);
INSERT INTO "venda_itens" VALUES(147,19,10299,2,10.4);
INSERT INTO "venda_itens" VALUES(148,20,39007,10,48.1);
INSERT INTO "venda_itens" VALUES(149,21,55255,4,9.1);
INSERT INTO "venda_itens" VALUES(150,22,22511,7,14.3);
INSERT INTO "venda_itens" VALUES(151,23,25330,7,7.8);
INSERT INTO "venda_itens" VALUES(152,24,14712,6,23.4);
INSERT INTO "venda_itens" VALUES(153,25,63586,5,33.8);
INSERT INTO "venda_itens" VALUES(154,26,48552,4,851.5);
INSERT INTO "venda_itens" VALUES(155,27,10863,4,119.6);
INSERT INTO "venda_itens" VALUES(156,28,32053,2,715);
INSERT INTO "venda_itens" VALUES(157,29,6343,10,18.2);
INSERT INTO "venda_itens" VALUES(158,30,6954,9,7.8);
INSERT INTO "venda_itens" VALUES(159,31,15523,1,11.7);
INSERT INTO "venda_itens" VALUES(160,32,26931,8,481);
INSERT INTO "venda_itens" VALUES(161,33,82703,2,18.2);
INSERT INTO "venda_itens" VALUES(162,34,54796,7,890.5);
INSERT INTO "venda_itens" VALUES(163,35,58046,10,153.4);
INSERT INTO "venda_itens" VALUES(164,36,1088,4,16.9);
INSERT INTO "venda_itens" VALUES(165,37,42510,6,14.3);
INSERT INTO "venda_itens" VALUES(166,38,32350,5,288.6);
INSERT INTO "venda_itens" VALUES(167,39,4727,5,53.3);
INSERT INTO "venda_itens" VALUES(168,40,11805,4,48.1);
INSERT INTO "venda_itens" VALUES(169,41,20602,10,16.25);
INSERT INTO "venda_itens" VALUES(170,42,18030,6,42.9);
INSERT INTO "venda_itens" VALUES(171,43,67236,5,780);
INSERT INTO "venda_itens" VALUES(172,44,62001,7,7.8);
INSERT INTO "venda_itens" VALUES(173,45,77850,8,111.8);
INSERT INTO "venda_itens" VALUES(174,46,44773,10,22.1);
INSERT INTO "venda_itens" VALUES(175,47,14307,3,157.3);
INSERT INTO "venda_itens" VALUES(176,48,40390,4,72.8);
INSERT INTO "venda_itens" VALUES(177,49,85184,5,163.8);
INSERT INTO "venda_itens" VALUES(178,50,28421,2,215.8);
INSERT INTO "venda_itens" VALUES(179,51,17092,2,148.2);
INSERT INTO "venda_itens" VALUES(180,52,22572,9,58.5);
INSERT INTO "venda_itens" VALUES(181,53,62646,8,17.55);
INSERT INTO "venda_itens" VALUES(182,54,22431,4,221);
INSERT INTO "venda_itens" VALUES(183,55,10663,1,83.2);
INSERT INTO "venda_itens" VALUES(184,56,66016,4,5.85);
INSERT INTO "venda_itens" VALUES(185,57,799,10,35.1);
INSERT INTO "venda_itens" VALUES(186,58,5773,9,44.2);
INSERT INTO "venda_itens" VALUES(187,59,11712,6,88.4);
INSERT INTO "venda_itens" VALUES(188,60,78109,10,239.2);
INSERT INTO "venda_itens" VALUES(189,61,17098,4,474.5);
INSERT INTO "venda_itens" VALUES(190,62,475,6,105.3);
INSERT INTO "venda_itens" VALUES(191,63,31638,7,54.6);
INSERT INTO "venda_itens" VALUES(192,64,11049,10,53.3);
INSERT INTO "venda_itens" VALUES(193,1,23201,5,52);
INSERT INTO "venda_itens" VALUES(194,2,18315,4,9.75);
INSERT INTO "venda_itens" VALUES(195,3,25901,2,12.35);
INSERT INTO "venda_itens" VALUES(196,4,35572,9,84.5);
INSERT INTO "venda_itens" VALUES(197,5,8667,9,26);
INSERT INTO "venda_itens" VALUES(198,6,14100,3,188.5);
INSERT INTO "venda_itens" VALUES(199,7,78209,11,110.5);
INSERT INTO "venda_itens" VALUES(200,8,9633,9,58.5);
INSERT INTO "venda_itens" VALUES(201,9,80698,5,5.2);
INSERT INTO "venda_itens" VALUES(202,10,12306,3,139.1);
INSERT INTO "venda_itens" VALUES(203,11,22742,8,585);
INSERT INTO "venda_itens" VALUES(204,12,88745,9,10.4);
INSERT INTO "venda_itens" VALUES(205,13,600,7,104);
INSERT INTO "venda_itens" VALUES(206,14,15886,7,14.95);
INSERT INTO "venda_itens" VALUES(207,15,93923,1,163.8);
INSERT INTO "venda_itens" VALUES(208,16,91620,7,62.4);
INSERT INTO "venda_itens" VALUES(209,17,8390,6,39);
INSERT INTO "venda_itens" VALUES(210,18,1339,11,98.8);
INSERT INTO "venda_itens" VALUES(211,19,73031,7,36.4);
INSERT INTO "venda_itens" VALUES(212,20,8589,7,58.5);
INSERT INTO "venda_itens" VALUES(213,21,71014,2,94.9);
INSERT INTO "venda_itens" VALUES(214,22,30135,2,22.1);
INSERT INTO "venda_itens" VALUES(215,23,38800,8,6.5);
INSERT INTO "venda_itens" VALUES(216,24,28444,8,15.6);
INSERT INTO "venda_itens" VALUES(217,25,60122,5,128.05);
INSERT INTO "venda_itens" VALUES(218,26,25525,10,84.5);
INSERT INTO "venda_itens" VALUES(219,27,61660,2,59.8);
INSERT INTO "venda_itens" VALUES(220,28,580,8,2.73);
INSERT INTO "venda_itens" VALUES(221,29,32955,5,244.4);
INSERT INTO "venda_itens" VALUES(222,30,7785,9,88.4);
INSERT INTO "venda_itens" VALUES(223,31,11320,8,6.5);
INSERT INTO "venda_itens" VALUES(224,32,25304,2,1.3);
INSERT INTO "venda_itens" VALUES(225,33,45405,1,793);
INSERT INTO "venda_itens" VALUES(226,34,51910,10,248.3);
INSERT INTO "venda_itens" VALUES(227,35,55697,8,10.4);
INSERT INTO "venda_itens" VALUES(228,36,36650,6,22.1);
INSERT INTO "venda_itens" VALUES(229,37,73201,7,345.8);
INSERT INTO "venda_itens" VALUES(230,38,92048,6,419.9);
INSERT INTO "venda_itens" VALUES(231,39,4255,6,0.91);
INSERT INTO "venda_itens" VALUES(232,40,10915,3,166.4);
INSERT INTO "venda_itens" VALUES(233,41,20666,6,42.9);
INSERT INTO "venda_itens" VALUES(234,42,42698,3,107.9);
INSERT INTO "venda_itens" VALUES(235,43,25102,10,20.8);
INSERT INTO "venda_itens" VALUES(236,44,46353,6,107.9);
INSERT INTO "venda_itens" VALUES(237,45,85702,4,159.9);
INSERT INTO "venda_itens" VALUES(238,46,65824,1,31.2);
INSERT INTO "venda_itens" VALUES(239,47,64503,6,52);
INSERT INTO "venda_itens" VALUES(240,48,25259,8,1.3);
INSERT INTO "venda_itens" VALUES(241,49,24190,2,253.5);
INSERT INTO "venda_itens" VALUES(242,50,16420,7,78);
INSERT INTO "venda_itens" VALUES(243,51,10431,9,123.5);
INSERT INTO "venda_itens" VALUES(244,52,22474,8,39);
INSERT INTO "venda_itens" VALUES(245,53,81549,5,97.5);
INSERT INTO "venda_itens" VALUES(246,54,9977,3,7.8);
INSERT INTO "venda_itens" VALUES(247,55,50478,2,27.3);
INSERT INTO "venda_itens" VALUES(248,56,11761,3,40.3);
INSERT INTO "venda_itens" VALUES(249,57,4996,1,8.45);
INSERT INTO "venda_itens" VALUES(250,58,4727,5,53.3);
INSERT INTO "venda_itens" VALUES(251,59,13133,11,28.6);
INSERT INTO "venda_itens" VALUES(252,60,87238,9,96.2);
INSERT INTO "venda_itens" VALUES(253,61,66951,7,145.6);
INSERT INTO "venda_itens" VALUES(254,62,69101,8,80.6);
INSERT INTO "venda_itens" VALUES(255,63,9988,6,7.48);
INSERT INTO "venda_itens" VALUES(256,64,21045,8,23.4);
CREATE TABLE vendedor (id int, nome text);
INSERT INTO "vendedor" VALUES(1,'Pablo Dall Oglio');
INSERT INTO "vendedor" VALUES(2,'Fernanda Wolf');
INSERT INTO "vendedor" VALUES(3,'Fabio Locatelli');
INSERT INTO "vendedor" VALUES(4,'Julia Haubert');
INSERT INTO "vendedor" VALUES(5,'Carlos Ranzi');
INSERT INTO "vendedor" VALUES(6,'João Pablo da Silva');
INSERT INTO "vendedor" VALUES(7,'Daniel Bauermann');
INSERT INTO "vendedor" VALUES(8,'Marcos Petter');
INSERT INTO "vendedor" VALUES(9,'Rodrigo Carvalhaes');
INSERT INTO "vendedor" VALUES(10,'Fabrízio de Mello');
INSERT INTO "vendedor" VALUES(11,'Edson Funke');
INSERT INTO "vendedor" VALUES(12,'Enio Silveira');
INSERT INTO "vendedor" VALUES(13,'Mouriac Diemer');
INSERT INTO "vendedor" VALUES(14,'Cesar Brod');
INSERT INTO "vendedor" VALUES(15,'Cândido Fonseca');
INSERT INTO "vendedor" VALUES(16,'Sérgio Crespo');
CREATE TABLE filial (id int, nome text);
INSERT INTO "filial" VALUES(1,'Filial Rio Grande do Sul');
INSERT INTO "filial" VALUES(2,'Filial São Paulo');
INSERT INTO "filial" VALUES(3,'Filial Rio de Janeiro');
INSERT INTO "filial" VALUES(4,'Filial Minas Gerais');
COMMIT;
